athlete_id,division_id,division_name,target_percentile,overall_rank,performance_percentile,window_start_rank,window_end_rank,http_status,fetch_source,stat_name,raw_value,value,unit,value_kg,time_seconds,parsed_at
1816280,1,Men,90,12697,90.0120,12697,12727,200,cache,Back Squat 1RM,"150
                                       kg",150,kg,150.0,,2026-07-12T17:16:21.825186+00:00
1816280,1,Men,90,12697,90.0120,12697,12727,200,cache,Bench Press 1RM,"115
                                       kg",115,kg,115.0,,2026-07-12T17:16:21.825186+00:00
1816280,1,Men,90,12697,90.0120,12697,12727,200,cache,Clean & Jerk 1RM,"121
                                       kg",121,kg,121.0,,2026-07-12T17:16:21.825186+00:00
1816280,1,Men,90,12697,90.0120,12697,12727,200,cache,Deadlift 1RM,"200
                                       kg",200,kg,200.0,,2026-07-12T17:16:21.825186+00:00
1816280,1,Men,90,12697,90.0120,12697,12727,200,cache,Deadlift 3RM,"190
                                       kg",190,kg,190.0,,2026-07-12T17:16:21.825186+00:00
1816280,1,Men,90,12697,90.0120,12697,12727,200,cache,Fran,03:04,,,,184,2026-07-12T17:16:21.825186+00:00
1816280,1,Men,90,12697,90.0120,12697,12727,200,cache,Front Squat 1RM,"130
                                       kg",130,kg,130.0,,2026-07-12T17:16:21.825186+00:00
1816280,1,Men,90,12697,90.0120,12697,12727,200,cache,Front Squat 3RM,"125
                                       kg",125,kg,125.0,,2026-07-12T17:16:21.825186+00:00
1816280,1,Men,90,12697,90.0120,12697,12727,200,cache,Hang Power Snatch 1RM,"94
                                       kg",94,kg,94.0,,2026-07-12T17:16:21.825186+00:00
1816280,1,Men,90,12697,90.0120,12697,12727,200,cache,Overhead Squat 1RM,"110
                                       kg",110,kg,110.0,,2026-07-12T17:16:21.825186+00:00
1816280,1,Men,90,12697,90.0120,12697,12727,200,cache,Power Clean 1RM,"120
                                       kg",120,kg,120.0,,2026-07-12T17:16:21.825186+00:00
1816280,1,Men,90,12697,90.0120,12697,12727,200,cache,Power Snatch 1RM,"94
                                       kg",94,kg,94.0,,2026-07-12T17:16:21.825186+00:00
1816280,1,Men,90,12697,90.0120,12697,12727,200,cache,Pull-ups,"53
                                       reps",53,reps,,,2026-07-12T17:16:21.825186+00:00
1816280,1,Men,90,12697,90.0120,12697,12727,200,cache,Push Press 1RM,"100
                                       kg",100,kg,100.0,,2026-07-12T17:16:21.825186+00:00
1816280,1,Men,90,12697,90.0120,12697,12727,200,cache,Shoulder Press 1RM,"77
                                       kg",77,kg,77.0,,2026-07-12T17:16:21.825186+00:00
1816280,1,Men,90,12697,90.0120,12697,12727,200,cache,Split Jerk 1RM,"121
                                       kg",121,kg,121.0,,2026-07-12T17:16:21.825186+00:00
1816280,1,Men,90,12697,90.0120,12697,12727,200,cache,Squat Clean 1RM,"130
                                       kg",130,kg,130.0,,2026-07-12T17:16:21.825186+00:00
1816280,1,Men,90,12697,90.0120,12697,12727,200,cache,Squat Snatch 1RM,"96
                                       kg",96,kg,96.0,,2026-07-12T17:16:21.825186+00:00
1816280,1,Men,90,12697,90.0120,12697,12727,200,cache,Strict Pull-ups,"23
                                       reps",23,reps,,,2026-07-12T17:16:21.825186+00:00
1816280,1,Men,90,12697,90.0120,12697,12727,200,cache,Thruster 1RM,"100
                                       kg",100,kg,100.0,,2026-07-12T17:16:21.825186+00:00
1816280,1,Men,90,12697,90.0120,12697,12727,200,cache,Weighted Pull-up 1RM,"54
                                       kg",54,kg,54.0,,2026-07-12T17:16:21.825186+00:00
743607,1,Men,90,12700,90.0096,12697,12727,200,cache,Back Squat 1RM,"180
                                       kg",180,kg,180.0,,2026-07-12T17:16:21.825186+00:00
743607,1,Men,90,12700,90.0096,12697,12727,200,cache,Clean & Jerk 1RM,"135
                                       kg",135,kg,135.0,,2026-07-12T17:16:21.825186+00:00
743607,1,Men,90,12700,90.0096,12697,12727,200,cache,Deadlift 1RM,"180
                                       kg",180,kg,180.0,,2026-07-12T17:16:21.825186+00:00
743607,1,Men,90,12700,90.0096,12697,12727,200,cache,Fran,02:40,,,,160,2026-07-12T17:16:21.825186+00:00
743607,1,Men,90,12700,90.0096,12697,12727,200,cache,Grace,01:40,,,,100,2026-07-12T17:16:21.825186+00:00
743607,1,Men,90,12700,90.0096,12697,12727,200,cache,Pull-ups,"45
                                       reps",45,reps,,,2026-07-12T17:16:21.825186+00:00
743607,1,Men,90,12700,90.0096,12697,12727,200,cache,Run 400m,01:05,,,,65,2026-07-12T17:16:21.825186+00:00
743607,1,Men,90,12700,90.0096,12697,12727,200,cache,Squat Snatch 1RM,"115
                                       kg",115,kg,115.0,,2026-07-12T17:16:21.825186+00:00
1226178,1,Men,90,12701,90.0088,12697,12727,200,cache,Back Squat 1RM,"140
                                       kg",140,kg,140.0,,2026-07-12T17:16:21.825186+00:00
1226178,1,Men,90,12701,90.0088,12697,12727,200,cache,Clean & Jerk 1RM,"102
                                       kg",102,kg,102.0,,2026-07-12T17:16:21.825186+00:00
1226178,1,Men,90,12701,90.0088,12697,12727,200,cache,Deadlift 1RM,"220
                                       kg",220,kg,220.0,,2026-07-12T17:16:21.825186+00:00
1226178,1,Men,90,12701,90.0088,12697,12727,200,cache,Fight Gone Bad,"315
                                       reps",315,reps,,,2026-07-12T17:16:21.825186+00:00
1226178,1,Men,90,12701,90.0088,12697,12727,200,cache,Fran,03:47,,,,227,2026-07-12T17:16:21.825186+00:00
1226178,1,Men,90,12701,90.0088,12697,12727,200,cache,Grace,02:43,,,,163,2026-07-12T17:16:21.825186+00:00
1226178,1,Men,90,12701,90.0088,12697,12727,200,cache,Helen,09:05,,,,545,2026-07-12T17:16:21.825186+00:00
1226178,1,Men,90,12701,90.0088,12697,12727,200,cache,Run 5k,20:23,,,,1223,2026-07-12T17:16:21.825186+00:00
1226178,1,Men,90,12701,90.0088,12697,12727,200,cache,Squat Snatch 1RM,"75
                                       kg",75,kg,75.0,,2026-07-12T17:16:21.825186+00:00
1226178,1,Men,90,12701,90.0088,12697,12727,200,cache,Thruster 1RM,"90
                                       kg",90,kg,90.0,,2026-07-12T17:16:21.825186+00:00
2226784,1,Men,90,12706,90.0049,12697,12727,200,cache,Back Squat 1RM,"315
                                       lb",315,lb,142.9,,2026-07-12T17:16:21.825186+00:00
2226784,1,Men,90,12706,90.0049,12697,12727,200,cache,Clean & Jerk 1RM,"240
                                       lb",240,lb,108.9,,2026-07-12T17:16:21.825186+00:00
2226784,1,Men,90,12706,90.0049,12697,12727,200,cache,Deadlift 1RM,"455
                                       lb",455,lb,206.4,,2026-07-12T17:16:21.825186+00:00
279805,1,Men,90,12707,90.0041,12697,12727,200,cache,Back Squat 1RM,"350
                                       lb",350,lb,158.8,,2026-07-12T17:16:21.825186+00:00
279805,1,Men,90,12707,90.0041,12697,12727,200,cache,Clean & Jerk 1RM,"230
                                       lb",230,lb,104.3,,2026-07-12T17:16:21.825186+00:00
279805,1,Men,90,12707,90.0041,12697,12727,200,cache,Deadlift 1RM,"375
                                       lb",375,lb,170.1,,2026-07-12T17:16:21.825186+00:00
279805,1,Men,90,12707,90.0041,12697,12727,200,cache,Fight Gone Bad,"321
                                       reps",321,reps,,,2026-07-12T17:16:21.825186+00:00
279805,1,Men,90,12707,90.0041,12697,12727,200,cache,Fran,03:51,,,,231,2026-07-12T17:16:21.825186+00:00
279805,1,Men,90,12707,90.0041,12697,12727,200,cache,Grace,02:25,,,,145,2026-07-12T17:16:21.825186+00:00
279805,1,Men,90,12707,90.0041,12697,12727,200,cache,Helen,08:38,,,,518,2026-07-12T17:16:21.825186+00:00
279805,1,Men,90,12707,90.0041,12697,12727,200,cache,Squat Snatch 1RM,"205
                                       lb",205,lb,93.0,,2026-07-12T17:16:21.825186+00:00
2118950,1,Men,90,12708,90.0033,12697,12727,200,cache,Murph,43:08,,,,2588,2026-07-12T17:16:21.825186+00:00
316733,1,Men,90,12712,90.0002,12697,12727,200,cache,Back Squat 1RM,"355
                                       lb",355,lb,161.0,,2026-07-12T17:16:21.825186+00:00
316733,1,Men,90,12712,90.0002,12697,12727,200,cache,Bench Press 1RM,"275
                                       lb",275,lb,124.7,,2026-07-12T17:16:21.825186+00:00
316733,1,Men,90,12712,90.0002,12697,12727,200,cache,CHAD1000x,54:35,,,,3275,2026-07-12T17:16:21.825186+00:00
316733,1,Men,90,12712,90.0002,12697,12727,200,cache,Clean & Jerk 1RM,"265
                                       lb",265,lb,120.2,,2026-07-12T17:16:21.825186+00:00
316733,1,Men,90,12712,90.0002,12697,12727,200,cache,Deadlift 1RM,"475
                                       lb",475,lb,215.5,,2026-07-12T17:16:21.825186+00:00
316733,1,Men,90,12712,90.0002,12697,12727,200,cache,Fight Gone Bad,"335
                                       reps",335,reps,,,2026-07-12T17:16:21.825186+00:00
316733,1,Men,90,12712,90.0002,12697,12727,200,cache,Filthy 50,24:40,,,,1480,2026-07-12T17:16:21.825186+00:00
316733,1,Men,90,12712,90.0002,12697,12727,200,cache,Fran,02:48,,,,168,2026-07-12T17:16:21.825186+00:00
316733,1,Men,90,12712,90.0002,12697,12727,200,cache,Front Squat 1RM,"315
                                       lb",315,lb,142.9,,2026-07-12T17:16:21.825186+00:00
316733,1,Men,90,12712,90.0002,12697,12727,200,cache,Grace,01:59,,,,119,2026-07-12T17:16:21.825186+00:00
316733,1,Men,90,12712,90.0002,12697,12727,200,cache,Helen,08:00,,,,480,2026-07-12T17:16:21.825186+00:00
316733,1,Men,90,12712,90.0002,12697,12727,200,cache,Murph,34:13,,,,2053,2026-07-12T17:16:21.825186+00:00
316733,1,Men,90,12712,90.0002,12697,12727,200,cache,Run 400m,01:09,,,,69,2026-07-12T17:16:21.825186+00:00
316733,1,Men,90,12712,90.0002,12697,12727,200,cache,Run 5k,22:32,,,,1352,2026-07-12T17:16:21.825186+00:00
316733,1,Men,90,12712,90.0002,12697,12727,200,cache,Squat Snatch 1RM,"195
                                       lb",195,lb,88.5,,2026-07-12T17:16:21.825186+00:00
308493,1,Men,90,12717,89.9962,12697,12727,200,cache,Back Squat 1RM,"370
                                       lb",370,lb,167.8,,2026-07-12T17:16:21.825186+00:00
308493,1,Men,90,12717,89.9962,12697,12727,200,cache,Clean & Jerk 1RM,"300
                                       lb",300,lb,136.1,,2026-07-12T17:16:21.825186+00:00
308493,1,Men,90,12717,89.9962,12697,12727,200,cache,Deadlift 1RM,"405
                                       lb",405,lb,183.7,,2026-07-12T17:16:21.825186+00:00
308493,1,Men,90,12717,89.9962,12697,12727,200,cache,Fran,02:42,,,,162,2026-07-12T17:16:21.825186+00:00
308493,1,Men,90,12717,89.9962,12697,12727,200,cache,Grace,02:09,,,,129,2026-07-12T17:16:21.825186+00:00
308493,1,Men,90,12717,89.9962,12697,12727,200,cache,Helen,09:06,,,,546,2026-07-12T17:16:21.825186+00:00
308493,1,Men,90,12717,89.9962,12697,12727,200,cache,Squat Snatch 1RM,"205
                                       lb",205,lb,93.0,,2026-07-12T17:16:21.825186+00:00
501728,1,Men,90,12719,89.9947,12697,12727,200,cache,Back Squat 1RM,"450
                                       lb",450,lb,204.1,,2026-07-12T17:16:21.825186+00:00
501728,1,Men,90,12719,89.9947,12697,12727,200,cache,Clean & Jerk 1RM,"323
                                       lb",323,lb,146.5,,2026-07-12T17:16:21.825186+00:00
501728,1,Men,90,12719,89.9947,12697,12727,200,cache,Deadlift 1RM,"565
                                       lb",565,lb,256.3,,2026-07-12T17:16:21.825186+00:00
501728,1,Men,90,12719,89.9947,12697,12727,200,cache,Fran,02:01,,,,121,2026-07-12T17:16:21.825186+00:00
501728,1,Men,90,12719,89.9947,12697,12727,200,cache,Grace,01:23,,,,83,2026-07-12T17:16:21.825186+00:00
501728,1,Men,90,12719,89.9947,12697,12727,200,cache,Run 5k,19:01,,,,1141,2026-07-12T17:16:21.825186+00:00
501728,1,Men,90,12719,89.9947,12697,12727,200,cache,Squat Snatch 1RM,"252
                                       lb",252,lb,114.3,,2026-07-12T17:16:21.825186+00:00
1616264,1,Men,90,12720,89.9939,12697,12727,200,cache,Back Squat 1RM,"218
                                       kg",218,kg,218.0,,2026-07-12T17:16:21.825186+00:00
1616264,1,Men,90,12720,89.9939,12697,12727,200,cache,Bench Press 1RM,"128
                                       kg",128,kg,128.0,,2026-07-12T17:16:21.825186+00:00
1616264,1,Men,90,12720,89.9939,12697,12727,200,cache,Clean & Jerk 1RM,"156
                                       kg",156,kg,156.0,,2026-07-12T17:16:21.825186+00:00
1616264,1,Men,90,12720,89.9939,12697,12727,200,cache,Deadlift 1RM,"215
                                       kg",215,kg,215.0,,2026-07-12T17:16:21.825186+00:00
1616264,1,Men,90,12720,89.9939,12697,12727,200,cache,Front Squat 1RM,"192
                                       kg",192,kg,192.0,,2026-07-12T17:16:21.825186+00:00
1616264,1,Men,90,12720,89.9939,12697,12727,200,cache,Hang Power Clean 1RM,"129
                                       kg",129,kg,129.0,,2026-07-12T17:16:21.825186+00:00
1616264,1,Men,90,12720,89.9939,12697,12727,200,cache,Hang Power Snatch 1RM,"215
                                       lb",215,lb,97.5,,2026-07-12T17:16:21.825186+00:00
1616264,1,Men,90,12720,89.9939,12697,12727,200,cache,Hang Squat Clean 1RM,"161
                                       kg",161,kg,161.0,,2026-07-12T17:16:21.825186+00:00
1616264,1,Men,90,12720,89.9939,12697,12727,200,cache,Hang Squat Snatch 1RM,"115
                                       kg",115,kg,115.0,,2026-07-12T17:16:21.825186+00:00
1616264,1,Men,90,12720,89.9939,12697,12727,200,cache,Overhead Squat 1RM,"143
                                       kg",143,kg,143.0,,2026-07-12T17:16:21.825186+00:00
1616264,1,Men,90,12720,89.9939,12697,12727,200,cache,Power Clean 1RM,"128
                                       kg",128,kg,128.0,,2026-07-12T17:16:21.825186+00:00
1616264,1,Men,90,12720,89.9939,12697,12727,200,cache,Power Snatch 1RM,"215
                                       lb",215,lb,97.5,,2026-07-12T17:16:21.825186+00:00
1616264,1,Men,90,12720,89.9939,12697,12727,200,cache,Push Jerk 1RM,"143
                                       kg",143,kg,143.0,,2026-07-12T17:16:21.825186+00:00
1616264,1,Men,90,12720,89.9939,12697,12727,200,cache,Push Press 1RM,"130
                                       kg",130,kg,130.0,,2026-07-12T17:16:21.825186+00:00
1616264,1,Men,90,12720,89.9939,12697,12727,200,cache,Shoulder Press 1RM,"90
                                       kg",90,kg,90.0,,2026-07-12T17:16:21.825186+00:00
1616264,1,Men,90,12720,89.9939,12697,12727,200,cache,Split Jerk 1RM,"156
                                       kg",156,kg,156.0,,2026-07-12T17:16:21.825186+00:00
1616264,1,Men,90,12720,89.9939,12697,12727,200,cache,Squat Clean 1RM,"161
                                       kg",161,kg,161.0,,2026-07-12T17:16:21.825186+00:00
1616264,1,Men,90,12720,89.9939,12697,12727,200,cache,Squat Snatch 1RM,"121
                                       kg",121,kg,121.0,,2026-07-12T17:16:21.825186+00:00
1616264,1,Men,90,12720,89.9939,12697,12727,200,cache,Thruster 1RM,"285
                                       lb",285,lb,129.3,,2026-07-12T17:16:21.825186+00:00
2744805,1,Men,90,12724,89.9907,12697,12727,200,cache,Back Squat 1RM,"185
                                       kg",185,kg,185.0,,2026-07-12T17:16:21.825186+00:00
2617899,1,Men,90,12727,89.9884,12697,12727,200,cache,Back Squat 1RM,"170
                                       kg",170,kg,170.0,,2026-07-12T17:16:21.825186+00:00
2617899,1,Men,90,12727,89.9884,12697,12727,200,cache,Bench Press 1RM,"115
                                       kg",115,kg,115.0,,2026-07-12T17:16:21.825186+00:00
2617899,1,Men,90,12727,89.9884,12697,12727,200,cache,Clean & Jerk 1RM,"125
                                       kg",125,kg,125.0,,2026-07-12T17:16:21.825186+00:00
2617899,1,Men,90,12727,89.9884,12697,12727,200,cache,Deadlift 1RM,"200
                                       kg",200,kg,200.0,,2026-07-12T17:16:21.825186+00:00
2617899,1,Men,90,12727,89.9884,12697,12727,200,cache,Front Squat 1RM,"150
                                       kg",150,kg,150.0,,2026-07-12T17:16:21.825186+00:00
2617899,1,Men,90,12727,89.9884,12697,12727,200,cache,Murph,65:25,,,,3925,2026-07-12T17:16:21.825186+00:00
2617899,1,Men,90,12727,89.9884,12697,12727,200,cache,Power Snatch 1RM,"83
                                       kg",83,kg,83.0,,2026-07-12T17:16:21.825186+00:00
2617899,1,Men,90,12727,89.9884,12697,12727,200,cache,Pull-ups,"15
                                       reps",15,reps,,,2026-07-12T17:16:21.825186+00:00
2617899,1,Men,90,12727,89.9884,12697,12727,200,cache,Push Press 1RM,"105
                                       kg",105,kg,105.0,,2026-07-12T17:16:21.825186+00:00
2617899,1,Men,90,12727,89.9884,12697,12727,200,cache,Row 2000m,06:56,,,,416,2026-07-12T17:16:21.825186+00:00
2617899,1,Men,90,12727,89.9884,12697,12727,200,cache,Run 400m,01:35,,,,95,2026-07-12T17:16:21.825186+00:00
2617899,1,Men,90,12727,89.9884,12697,12727,200,cache,Run 5k,23:52,,,,1432,2026-07-12T17:16:21.825186+00:00
2617899,1,Men,90,12727,89.9884,12697,12727,200,cache,Split Jerk 1RM,"125
                                       kg",125,kg,125.0,,2026-07-12T17:16:21.825186+00:00
2617899,1,Men,90,12727,89.9884,12697,12727,200,cache,Squat Clean 1RM,"130
                                       kg",130,kg,130.0,,2026-07-12T17:16:21.825186+00:00
2617899,1,Men,90,12727,89.9884,12697,12727,200,cache,Squat Snatch 1RM,"94
                                       kg",94,kg,94.0,,2026-07-12T17:16:21.825186+00:00
2218516,1,Men,95,6341,95.0123,6341,6371,200,cache,Back Squat 1RM,"151
                                       kg",151,kg,151.0,,2026-07-12T17:16:21.825186+00:00
2218516,1,Men,95,6341,95.0123,6341,6371,200,cache,Clean & Jerk 1RM,"110
                                       kg",110,kg,110.0,,2026-07-12T17:16:21.825186+00:00
2218516,1,Men,95,6341,95.0123,6341,6371,200,cache,Deadlift 1RM,"185
                                       kg",185,kg,185.0,,2026-07-12T17:16:21.825186+00:00
2218516,1,Men,95,6341,95.0123,6341,6371,200,cache,Grace,02:21,,,,141,2026-07-12T17:16:21.825186+00:00
2218516,1,Men,95,6341,95.0123,6341,6371,200,cache,Pull-ups,"60
                                       reps",60,reps,,,2026-07-12T17:16:21.825186+00:00
2218516,1,Men,95,6341,95.0123,6341,6371,200,cache,Run 5k,22:52,,,,1372,2026-07-12T17:16:21.825186+00:00
2218516,1,Men,95,6341,95.0123,6341,6371,200,cache,Squat Snatch 1RM,"85
                                       kg",85,kg,85.0,,2026-07-12T17:16:21.825186+00:00
1244548,1,Men,95,6342,95.0115,6341,6371,200,cache,Back Squat 1RM,"180
                                       kg",180,kg,180.0,,2026-07-12T17:16:21.825186+00:00
1244548,1,Men,95,6342,95.0115,6341,6371,200,cache,Clean & Jerk 1RM,"135
                                       kg",135,kg,135.0,,2026-07-12T17:16:21.825186+00:00
1244548,1,Men,95,6342,95.0115,6341,6371,200,cache,Deadlift 1RM,"205
                                       kg",205,kg,205.0,,2026-07-12T17:16:21.825186+00:00
1244548,1,Men,95,6342,95.0115,6341,6371,200,cache,Squat Snatch 1RM,"105
                                       kg",105,kg,105.0,,2026-07-12T17:16:21.825186+00:00
2183848,1,Men,95,6343,95.0107,6341,6371,200,cache,Back Squat 1RM,"386
                                       lb",386,lb,175.1,,2026-07-12T17:16:21.825186+00:00
2183848,1,Men,95,6343,95.0107,6341,6371,200,cache,Back Squat 3RM,"350
                                       lb",350,lb,158.8,,2026-07-12T17:16:21.825186+00:00
2183848,1,Men,95,6343,95.0107,6341,6371,200,cache,Bench Press 1RM,"245
                                       lb",245,lb,111.1,,2026-07-12T17:16:21.825186+00:00
2183848,1,Men,95,6343,95.0107,6341,6371,200,cache,Deadlift 1RM,"450
                                       lb",450,lb,204.1,,2026-07-12T17:16:21.825186+00:00
2183848,1,Men,95,6343,95.0107,6341,6371,200,cache,Deadlift 3RM,"397
                                       lb",397,lb,180.1,,2026-07-12T17:16:21.825186+00:00
2183848,1,Men,95,6343,95.0107,6341,6371,200,cache,Front Squat 1RM,"360
                                       lb",360,lb,163.3,,2026-07-12T17:16:21.825186+00:00
2183848,1,Men,95,6343,95.0107,6341,6371,200,cache,Run 400m,00:58,,,,58,2026-07-12T17:16:21.825186+00:00
2183848,1,Men,95,6343,95.0107,6341,6371,200,cache,Run 5k,22:27,,,,1347,2026-07-12T17:16:21.825186+00:00
2183848,1,Men,95,6343,95.0107,6341,6371,200,cache,Weighted Pull-up 1RM,"90
                                       lb",90,lb,40.8,,2026-07-12T17:16:21.825186+00:00
1225663,1,Men,95,6345,95.0091,6341,6371,200,cache,Back Squat 1RM,"445
                                       lb",445,lb,201.8,,2026-07-12T17:16:21.825186+00:00
1225663,1,Men,95,6345,95.0091,6341,6371,200,cache,Clean & Jerk 1RM,"305
                                       lb",305,lb,138.3,,2026-07-12T17:16:21.825186+00:00
1225663,1,Men,95,6345,95.0091,6341,6371,200,cache,Deadlift 1RM,"465
                                       lb",465,lb,210.9,,2026-07-12T17:16:21.825186+00:00
1225663,1,Men,95,6345,95.0091,6341,6371,200,cache,Fran,02:29,,,,149,2026-07-12T17:16:21.825186+00:00
1225663,1,Men,95,6345,95.0091,6341,6371,200,cache,Hang Squat Clean 1RM,"310
                                       lb",310,lb,140.6,,2026-07-12T17:16:21.825186+00:00
1225663,1,Men,95,6345,95.0091,6341,6371,200,cache,Overhead Squat 1RM,"300
                                       lb",300,lb,136.1,,2026-07-12T17:16:21.825186+00:00
1225663,1,Men,95,6345,95.0091,6341,6371,200,cache,Run 400m,00:53,,,,53,2026-07-12T17:16:21.825186+00:00
1225663,1,Men,95,6345,95.0091,6341,6371,200,cache,Run 5k,19:38,,,,1178,2026-07-12T17:16:21.825186+00:00
1225663,1,Men,95,6345,95.0091,6341,6371,200,cache,Squat Clean 1RM,"330
                                       lb",330,lb,149.7,,2026-07-12T17:16:21.825186+00:00
1225663,1,Men,95,6345,95.0091,6341,6371,200,cache,Squat Snatch 1RM,"240
                                       lb",240,lb,108.9,,2026-07-12T17:16:21.825186+00:00
2657637,1,Men,95,6346,95.0083,6341,6371,200,cache,Back Squat 1RM,"365
                                       lb",365,lb,165.6,,2026-07-12T17:16:21.825186+00:00
2657637,1,Men,95,6346,95.0083,6341,6371,200,cache,Clean & Jerk 1RM,"275
                                       lb",275,lb,124.7,,2026-07-12T17:16:21.825186+00:00
2657637,1,Men,95,6346,95.0083,6341,6371,200,cache,Deadlift 1RM,"365
                                       lb",365,lb,165.6,,2026-07-12T17:16:21.825186+00:00
2657637,1,Men,95,6346,95.0083,6341,6371,200,cache,Fran,04:50,,,,290,2026-07-12T17:16:21.825186+00:00
2657637,1,Men,95,6346,95.0083,6341,6371,200,cache,Front Squat 1RM,"315
                                       lb",315,lb,142.9,,2026-07-12T17:16:21.825186+00:00
2657637,1,Men,95,6346,95.0083,6341,6371,200,cache,Muscle-ups,"30
                                       reps",30,reps,,,2026-07-12T17:16:21.825186+00:00
2657637,1,Men,95,6346,95.0083,6341,6371,200,cache,Pull-ups,"50
                                       reps",50,reps,,,2026-07-12T17:16:21.825186+00:00
2657637,1,Men,95,6346,95.0083,6341,6371,200,cache,Push Jerk 1RM,"285
                                       lb",285,lb,129.3,,2026-07-12T17:16:21.825186+00:00
2657637,1,Men,95,6346,95.0083,6341,6371,200,cache,Run 5k,27:00,,,,1620,2026-07-12T17:16:21.825186+00:00
2657637,1,Men,95,6346,95.0083,6341,6371,200,cache,Squat Snatch 1RM,"215
                                       lb",215,lb,97.5,,2026-07-12T17:16:21.825186+00:00
2156322,1,Men,95,6347,95.0076,6341,6371,200,cache,Back Squat 1RM,"515
                                       lb",515,lb,233.6,,2026-07-12T17:16:21.825186+00:00
2156322,1,Men,95,6347,95.0076,6341,6371,200,cache,Clean & Jerk 1RM,"355
                                       lb",355,lb,161.0,,2026-07-12T17:16:21.825186+00:00
2156322,1,Men,95,6347,95.0076,6341,6371,200,cache,Deadlift 1RM,"525
                                       lb",525,lb,238.1,,2026-07-12T17:16:21.825186+00:00
2156322,1,Men,95,6347,95.0076,6341,6371,200,cache,Squat Snatch 1RM,"296
                                       lb",296,lb,134.3,,2026-07-12T17:16:21.825186+00:00
710327,1,Men,95,6348,95.0068,6341,6371,200,cache,Back Squat 1RM,"325
                                       lb",325,lb,147.4,,2026-07-12T17:16:21.825186+00:00
710327,1,Men,95,6348,95.0068,6341,6371,200,cache,Bench Press 1RM,"245
                                       lb",245,lb,111.1,,2026-07-12T17:16:21.825186+00:00
710327,1,Men,95,6348,95.0068,6341,6371,200,cache,Clean & Jerk 1RM,"235
                                       lb",235,lb,106.6,,2026-07-12T17:16:21.825186+00:00
710327,1,Men,95,6348,95.0068,6341,6371,200,cache,Deadlift 1RM,"375
                                       lb",375,lb,170.1,,2026-07-12T17:16:21.825186+00:00
710327,1,Men,95,6348,95.0068,6341,6371,200,cache,Fran,02:45,,,,165,2026-07-12T17:16:21.825186+00:00
710327,1,Men,95,6348,95.0068,6341,6371,200,cache,Front Squat 1RM,"255
                                       lb",255,lb,115.7,,2026-07-12T17:16:21.825186+00:00
710327,1,Men,95,6348,95.0068,6341,6371,200,cache,Hang Power Clean 1RM,"225
                                       lb",225,lb,102.1,,2026-07-12T17:16:21.825186+00:00
710327,1,Men,95,6348,95.0068,6341,6371,200,cache,Power Clean 1RM,"235
                                       lb",235,lb,106.6,,2026-07-12T17:16:21.825186+00:00
710327,1,Men,95,6348,95.0068,6341,6371,200,cache,Pull-ups,"60
                                       reps",60,reps,,,2026-07-12T17:16:21.825186+00:00
710327,1,Men,95,6348,95.0068,6341,6371,200,cache,Squat Snatch 1RM,"175
                                       lb",175,lb,79.4,,2026-07-12T17:16:21.825186+00:00
1911128,1,Men,95,6349,95.0060,6341,6371,200,cache,CHAD1000x,39:15,,,,2355,2026-07-12T17:16:21.825186+00:00
1535120,1,Men,95,6350,95.0052,6341,6371,200,cache,Back Squat 1RM,"455
                                       lb",455,lb,206.4,,2026-07-12T17:16:21.825186+00:00
1535120,1,Men,95,6350,95.0052,6341,6371,200,cache,Bench Press 1RM,"278
                                       lb",278,lb,126.1,,2026-07-12T17:16:21.825186+00:00
1535120,1,Men,95,6350,95.0052,6341,6371,200,cache,Clean & Jerk 1RM,"308
                                       lb",308,lb,139.7,,2026-07-12T17:16:21.825186+00:00
1535120,1,Men,95,6350,95.0052,6341,6371,200,cache,Deadlift 1RM,"525
                                       lb",525,lb,238.1,,2026-07-12T17:16:21.825186+00:00
1535120,1,Men,95,6350,95.0052,6341,6371,200,cache,Front Squat 1RM,"395
                                       lb",395,lb,179.2,,2026-07-12T17:16:21.825186+00:00
1535120,1,Men,95,6350,95.0052,6341,6371,200,cache,Hang Power Clean 1RM,"285
                                       lb",285,lb,129.3,,2026-07-12T17:16:21.825186+00:00
1535120,1,Men,95,6350,95.0052,6341,6371,200,cache,Hang Power Snatch 1RM,"205
                                       lb",205,lb,93.0,,2026-07-12T17:16:21.825186+00:00
1535120,1,Men,95,6350,95.0052,6341,6371,200,cache,Hang Squat Clean 1RM,"308
                                       lb",308,lb,139.7,,2026-07-12T17:16:21.825186+00:00
1535120,1,Men,95,6350,95.0052,6341,6371,200,cache,Hang Squat Snatch 1RM,"220
                                       lb",220,lb,99.8,,2026-07-12T17:16:21.825186+00:00
1535120,1,Men,95,6350,95.0052,6341,6371,200,cache,Overhead Squat 1RM,"285
                                       lb",285,lb,129.3,,2026-07-12T17:16:21.825186+00:00
1535120,1,Men,95,6350,95.0052,6341,6371,200,cache,Power Clean 1RM,"297
                                       lb",297,lb,134.7,,2026-07-12T17:16:21.825186+00:00
1535120,1,Men,95,6350,95.0052,6341,6371,200,cache,Power Snatch 1RM,"240
                                       lb",240,lb,108.9,,2026-07-12T17:16:21.825186+00:00
1535120,1,Men,95,6350,95.0052,6341,6371,200,cache,Pull-ups,"50
                                       reps",50,reps,,,2026-07-12T17:16:21.825186+00:00
1535120,1,Men,95,6350,95.0052,6341,6371,200,cache,Push Jerk 1RM,"305
                                       lb",305,lb,138.3,,2026-07-12T17:16:21.825186+00:00
1535120,1,Men,95,6350,95.0052,6341,6371,200,cache,Push Press 1RM,"275
                                       lb",275,lb,124.7,,2026-07-12T17:16:21.825186+00:00
1535120,1,Men,95,6350,95.0052,6341,6371,200,cache,Run 400m,01:05,,,,65,2026-07-12T17:16:21.825186+00:00
1535120,1,Men,95,6350,95.0052,6341,6371,200,cache,Shoulder Press 1RM,"175
                                       lb",175,lb,79.4,,2026-07-12T17:16:21.825186+00:00
1535120,1,Men,95,6350,95.0052,6341,6371,200,cache,Split Jerk 1RM,"340
                                       lb",340,lb,154.2,,2026-07-12T17:16:21.825186+00:00
1535120,1,Men,95,6350,95.0052,6341,6371,200,cache,Squat Clean 1RM,"340
                                       lb",340,lb,154.2,,2026-07-12T17:16:21.825186+00:00
1535120,1,Men,95,6350,95.0052,6341,6371,200,cache,Squat Snatch 1RM,"242
                                       lb",242,lb,109.8,,2026-07-12T17:16:21.825186+00:00
1535120,1,Men,95,6350,95.0052,6341,6371,200,cache,Thruster 1RM,"252
                                       lb",252,lb,114.3,,2026-07-12T17:16:21.825186+00:00
2085139,1,Men,95,6351,95.0044,6341,6371,200,cache,Back Squat 1RM,"345
                                       lb",345,lb,156.5,,2026-07-12T17:16:21.825186+00:00
2085139,1,Men,95,6351,95.0044,6341,6371,200,cache,Clean & Jerk 1RM,"280
                                       lb",280,lb,127.0,,2026-07-12T17:16:21.825186+00:00
2085139,1,Men,95,6351,95.0044,6341,6371,200,cache,Deadlift 1RM,"485
                                       lb",485,lb,220.0,,2026-07-12T17:16:21.825186+00:00
2085139,1,Men,95,6351,95.0044,6341,6371,200,cache,Squat Snatch 1RM,"235
                                       lb",235,lb,106.6,,2026-07-12T17:16:21.825186+00:00
642936,1,Men,95,6353,95.0028,6341,6371,200,cache,Annie,06:54,,,,414,2026-07-12T17:16:21.825186+00:00
642936,1,Men,95,6353,95.0028,6341,6371,200,cache,Back Squat 1RM,"387
                                       lb",387,lb,175.5,,2026-07-12T17:16:21.825186+00:00
642936,1,Men,95,6353,95.0028,6341,6371,200,cache,Bench Press 1RM,"275
                                       lb",275,lb,124.7,,2026-07-12T17:16:21.825186+00:00
642936,1,Men,95,6353,95.0028,6341,6371,200,cache,CHAD1000x,68:44,,,,4124,2026-07-12T17:16:21.825186+00:00
642936,1,Men,95,6353,95.0028,6341,6371,200,cache,Clean & Jerk 1RM,"255
                                       lb",255,lb,115.7,,2026-07-12T17:16:21.825186+00:00
642936,1,Men,95,6353,95.0028,6341,6371,200,cache,Deadlift 1RM,"447
                                       lb",447,lb,202.8,,2026-07-12T17:16:21.825186+00:00
642936,1,Men,95,6353,95.0028,6341,6371,200,cache,Fran,02:54,,,,174,2026-07-12T17:16:21.825186+00:00
642936,1,Men,95,6353,95.0028,6341,6371,200,cache,Front Squat 1RM,"315
                                       lb",315,lb,142.9,,2026-07-12T17:16:21.825186+00:00
642936,1,Men,95,6353,95.0028,6341,6371,200,cache,Gwen,"155
                                       lb",155,lb,70.3,,2026-07-12T17:16:21.825186+00:00
642936,1,Men,95,6353,95.0028,6341,6371,200,cache,Helen,08:02,,,,482,2026-07-12T17:16:21.825186+00:00
642936,1,Men,95,6353,95.0028,6341,6371,200,cache,Jackie,06:08,,,,368,2026-07-12T17:16:21.825186+00:00
642936,1,Men,95,6353,95.0028,6341,6371,200,cache,Kelly,29:36,,,,1776,2026-07-12T17:16:21.825186+00:00
642936,1,Men,95,6353,95.0028,6341,6371,200,cache,L1 Benchmark,04:07,,,,247,2026-07-12T17:16:21.825186+00:00
642936,1,Men,95,6353,95.0028,6341,6371,200,cache,Power Clean 1RM,"245
                                       lb",245,lb,111.1,,2026-07-12T17:16:21.825186+00:00
642936,1,Men,95,6353,95.0028,6341,6371,200,cache,Power Snatch 1RM,"195
                                       lb",195,lb,88.5,,2026-07-12T17:16:21.825186+00:00
642936,1,Men,95,6353,95.0028,6341,6371,200,cache,Pull-ups,"40
                                       reps",40,reps,,,2026-07-12T17:16:21.825186+00:00
642936,1,Men,95,6353,95.0028,6341,6371,200,cache,Push Jerk 1RM,"255
                                       lb",255,lb,115.7,,2026-07-12T17:16:21.825186+00:00
642936,1,Men,95,6353,95.0028,6341,6371,200,cache,Run 400m,01:05,,,,65,2026-07-12T17:16:21.825186+00:00
642936,1,Men,95,6353,95.0028,6341,6371,200,cache,Run 5k,21:40,,,,1300,2026-07-12T17:16:21.825186+00:00
642936,1,Men,95,6353,95.0028,6341,6371,200,cache,Shoulder Press 1RM,"180
                                       lb",180,lb,81.6,,2026-07-12T17:16:21.825186+00:00
642936,1,Men,95,6353,95.0028,6341,6371,200,cache,Squat Clean 1RM,"285
                                       lb",285,lb,129.3,,2026-07-12T17:16:21.825186+00:00
642936,1,Men,95,6353,95.0028,6341,6371,200,cache,Squat Snatch 1RM,"195
                                       lb",195,lb,88.5,,2026-07-12T17:16:21.825186+00:00
642936,1,Men,95,6353,95.0028,6341,6371,200,cache,Thruster 1RM,"225
                                       lb",225,lb,102.1,,2026-07-12T17:16:21.825186+00:00
586010,1,Men,95,6355,95.0013,6341,6371,200,cache,Clean & Jerk 1RM,"130
                                       kg",130,kg,130.0,,2026-07-12T17:16:21.825186+00:00
586010,1,Men,95,6355,95.0013,6341,6371,200,cache,Deadlift 1RM,"230
                                       kg",230,kg,230.0,,2026-07-12T17:16:21.825186+00:00
586010,1,Men,95,6355,95.0013,6341,6371,200,cache,Filthy 50,25:15,,,,1515,2026-07-12T17:16:21.825186+00:00
586010,1,Men,95,6355,95.0013,6341,6371,200,cache,Fran,06:50,,,,410,2026-07-12T17:16:21.825186+00:00
586010,1,Men,95,6355,95.0013,6341,6371,200,cache,Grace,02:26,,,,146,2026-07-12T17:16:21.825186+00:00
586010,1,Men,95,6355,95.0013,6341,6371,200,cache,Squat Snatch 1RM,"105
                                       kg",105,kg,105.0,,2026-07-12T17:16:21.825186+00:00
1603766,1,Men,95,6356,95.0005,6341,6371,200,cache,Back Squat 1RM,"200
                                       kg",200,kg,200.0,,2026-07-12T17:16:21.825186+00:00
1603766,1,Men,95,6356,95.0005,6341,6371,200,cache,Clean & Jerk 1RM,"152
                                       kg",152,kg,152.0,,2026-07-12T17:16:21.825186+00:00
1603766,1,Men,95,6356,95.0005,6341,6371,200,cache,Deadlift 1RM,"240
                                       kg",240,kg,240.0,,2026-07-12T17:16:21.825186+00:00
1603766,1,Men,95,6356,95.0005,6341,6371,200,cache,Grace,02:17,,,,137,2026-07-12T17:16:21.825186+00:00
1603766,1,Men,95,6356,95.0005,6341,6371,200,cache,Squat Snatch 1RM,"118
                                       kg",118,kg,118.0,,2026-07-12T17:16:21.825186+00:00
731465,1,Men,95,6357,94.9997,6341,6371,200,cache,Back Squat 1RM,"345
                                       lb",345,lb,156.5,,2026-07-12T17:16:21.825186+00:00
731465,1,Men,95,6357,94.9997,6341,6371,200,cache,Bench Press 1RM,"250
                                       lb",250,lb,113.4,,2026-07-12T17:16:21.825186+00:00
731465,1,Men,95,6357,94.9997,6341,6371,200,cache,Clean & Jerk 1RM,"275
                                       lb",275,lb,124.7,,2026-07-12T17:16:21.825186+00:00
731465,1,Men,95,6357,94.9997,6341,6371,200,cache,Deadlift 1RM,"450
                                       lb",450,lb,204.1,,2026-07-12T17:16:21.825186+00:00
731465,1,Men,95,6357,94.9997,6341,6371,200,cache,Fran,03:55,,,,235,2026-07-12T17:16:21.825186+00:00
731465,1,Men,95,6357,94.9997,6341,6371,200,cache,Squat Snatch 1RM,"235
                                       lb",235,lb,106.6,,2026-07-12T17:16:21.825186+00:00
2481443,1,Men,95,6359,94.9981,6341,6371,200,cache,Back Squat 1RM,"418
                                       lb",418,lb,189.6,,2026-07-12T17:16:21.825186+00:00
2481443,1,Men,95,6359,94.9981,6341,6371,200,cache,Clean & Jerk 1RM,"302
                                       lb",302,lb,137.0,,2026-07-12T17:16:21.825186+00:00
2481443,1,Men,95,6359,94.9981,6341,6371,200,cache,Deadlift 1RM,"440
                                       lb",440,lb,199.6,,2026-07-12T17:16:21.825186+00:00
2481443,1,Men,95,6359,94.9981,6341,6371,200,cache,Fran,03:12,,,,192,2026-07-12T17:16:21.825186+00:00
2481443,1,Men,95,6359,94.9981,6341,6371,200,cache,Pull-ups,"40
                                       reps",40,reps,,,2026-07-12T17:16:21.825186+00:00
2481443,1,Men,95,6359,94.9981,6341,6371,200,cache,Run 5k,22:00,,,,1320,2026-07-12T17:16:21.825186+00:00
2481443,1,Men,95,6359,94.9981,6341,6371,200,cache,Squat Snatch 1RM,"253
                                       lb",253,lb,114.8,,2026-07-12T17:16:21.825186+00:00
1965634,1,Men,95,6363,94.9950,6341,6371,200,cache,Back Squat 1RM,"140
                                       kg",140,kg,140.0,,2026-07-12T17:16:21.825186+00:00
1965634,1,Men,95,6363,94.9950,6341,6371,200,cache,CHAD1000x,57:19,,,,3439,2026-07-12T17:16:21.825186+00:00
1965634,1,Men,95,6363,94.9950,6341,6371,200,cache,Clean & Jerk 1RM,"110
                                       kg",110,kg,110.0,,2026-07-12T17:16:21.825186+00:00
1965634,1,Men,95,6363,94.9950,6341,6371,200,cache,Deadlift 1RM,"185
                                       kg",185,kg,185.0,,2026-07-12T17:16:21.825186+00:00
1965634,1,Men,95,6363,94.9950,6341,6371,200,cache,Grace,02:20,,,,140,2026-07-12T17:16:21.825186+00:00
1965634,1,Men,95,6363,94.9950,6341,6371,200,cache,Jackie,08:13,,,,493,2026-07-12T17:16:21.825186+00:00
1965634,1,Men,95,6363,94.9950,6341,6371,200,cache,L-Sit Hold,00:43,,,,43,2026-07-12T17:16:21.825186+00:00
1965634,1,Men,95,6363,94.9950,6341,6371,200,cache,Murph,50:26,,,,3026,2026-07-12T17:16:21.825186+00:00
1965634,1,Men,95,6363,94.9950,6341,6371,200,cache,Overhead Squat 1RM,"115
                                       kg",115,kg,115.0,,2026-07-12T17:16:21.825186+00:00
1965634,1,Men,95,6363,94.9950,6341,6371,200,cache,Power Clean 1RM,"103
                                       kg",103,kg,103.0,,2026-07-12T17:16:21.825186+00:00
1965634,1,Men,95,6363,94.9950,6341,6371,200,cache,Row 2000m,07:09,,,,429,2026-07-12T17:16:21.825186+00:00
1965634,1,Men,95,6363,94.9950,6341,6371,200,cache,Split Jerk 1RM,"116
                                       kg",116,kg,116.0,,2026-07-12T17:16:21.825186+00:00
1965634,1,Men,95,6363,94.9950,6341,6371,200,cache,Squat Clean 1RM,"113
                                       kg",113,kg,113.0,,2026-07-12T17:16:21.825186+00:00
1965634,1,Men,95,6363,94.9950,6341,6371,200,cache,Squat Snatch 1RM,"93
                                       kg",93,kg,93.0,,2026-07-12T17:16:21.825186+00:00
1965634,1,Men,95,6363,94.9950,6341,6371,200,cache,The Other Total,"300
                                       kg",300,kg,300.0,,2026-07-12T17:16:21.825186+00:00
1965634,1,Men,95,6363,94.9950,6341,6371,200,cache,Thruster 1RM,"91
                                       kg",91,kg,91.0,,2026-07-12T17:16:21.825186+00:00
1965634,1,Men,95,6363,94.9950,6341,6371,200,cache,Weighted Pull-up 1RM,"30
                                       kg",30,kg,30.0,,2026-07-12T17:16:21.825186+00:00
2379084,1,Men,95,6364,94.9942,6341,6371,200,cache,Murph,31:10,,,,1870,2026-07-12T17:16:21.825186+00:00
2430752,1,Men,95,6366,94.9926,6341,6371,200,cache,Back Squat 1RM,"345
                                       lb",345,lb,156.5,,2026-07-12T17:16:21.825186+00:00
2430752,1,Men,95,6366,94.9926,6341,6371,200,cache,Clean & Jerk 1RM,"235
                                       lb",235,lb,106.6,,2026-07-12T17:16:21.825186+00:00
2430752,1,Men,95,6366,94.9926,6341,6371,200,cache,Deadlift 1RM,"455
                                       lb",455,lb,206.4,,2026-07-12T17:16:21.825186+00:00
2430752,1,Men,95,6366,94.9926,6341,6371,200,cache,Fran,03:13,,,,193,2026-07-12T17:16:21.825186+00:00
2430752,1,Men,95,6366,94.9926,6341,6371,200,cache,Pull-ups,"48
                                       reps",48,reps,,,2026-07-12T17:16:21.825186+00:00
2430752,1,Men,95,6366,94.9926,6341,6371,200,cache,Squat Snatch 1RM,"195
                                       lb",195,lb,88.5,,2026-07-12T17:16:21.825186+00:00
695961,1,Men,99,1259,99.0103,1257,1287,200,cache,Back Squat 1RM,"425
                                       lb",425,lb,192.8,,2026-07-12T17:16:21.825186+00:00
695961,1,Men,99,1259,99.0103,1257,1287,200,cache,Bench Press 1RM,"325
                                       lb",325,lb,147.4,,2026-07-12T17:16:21.825186+00:00
695961,1,Men,99,1259,99.0103,1257,1287,200,cache,Clean & Jerk 1RM,"315
                                       lb",315,lb,142.9,,2026-07-12T17:16:21.825186+00:00
695961,1,Men,99,1259,99.0103,1257,1287,200,cache,Deadlift 1RM,"575
                                       lb",575,lb,260.8,,2026-07-12T17:16:21.825186+00:00
695961,1,Men,99,1259,99.0103,1257,1287,200,cache,Deadlift 3RM,"535
                                       lb",535,lb,242.7,,2026-07-12T17:16:21.825186+00:00
695961,1,Men,99,1259,99.0103,1257,1287,200,cache,Deadlift 5RM,"500
                                       lb",500,lb,226.8,,2026-07-12T17:16:21.825186+00:00
695961,1,Men,99,1259,99.0103,1257,1287,200,cache,Fran,02:11,,,,131,2026-07-12T17:16:21.825186+00:00
695961,1,Men,99,1259,99.0103,1257,1287,200,cache,Grace,01:30,,,,90,2026-07-12T17:16:21.825186+00:00
695961,1,Men,99,1259,99.0103,1257,1287,200,cache,Muscle-ups,"22
                                       reps",22,reps,,,2026-07-12T17:16:21.825186+00:00
695961,1,Men,99,1259,99.0103,1257,1287,200,cache,Overhead Squat 1RM,"320
                                       lb",320,lb,145.1,,2026-07-12T17:16:21.825186+00:00
695961,1,Men,99,1259,99.0103,1257,1287,200,cache,Power Clean 1RM,"315
                                       lb",315,lb,142.9,,2026-07-12T17:16:21.825186+00:00
695961,1,Men,99,1259,99.0103,1257,1287,200,cache,Pull-ups,"70
                                       reps",70,reps,,,2026-07-12T17:16:21.825186+00:00
695961,1,Men,99,1259,99.0103,1257,1287,200,cache,Push Press 1RM,"290
                                       lb",290,lb,131.5,,2026-07-12T17:16:21.825186+00:00
695961,1,Men,99,1259,99.0103,1257,1287,200,cache,Run 5k,19:00,,,,1140,2026-07-12T17:16:21.825186+00:00
695961,1,Men,99,1259,99.0103,1257,1287,200,cache,Shoulder Press 1RM,"220
                                       lb",220,lb,99.8,,2026-07-12T17:16:21.825186+00:00
695961,1,Men,99,1259,99.0103,1257,1287,200,cache,Split Jerk 1RM,"330
                                       lb",330,lb,149.7,,2026-07-12T17:16:21.825186+00:00
695961,1,Men,99,1259,99.0103,1257,1287,200,cache,Squat Snatch 1RM,"255
                                       lb",255,lb,115.7,,2026-07-12T17:16:21.825186+00:00
695961,1,Men,99,1259,99.0103,1257,1287,200,cache,Thruster 1RM,"275
                                       lb",275,lb,124.7,,2026-07-12T17:16:21.825186+00:00
169360,1,Men,99,1261,99.0087,1257,1287,200,cache,Back Squat 1RM,"500
                                       lb",500,lb,226.8,,2026-07-12T17:16:21.825186+00:00
169360,1,Men,99,1261,99.0087,1257,1287,200,cache,Clean & Jerk 1RM,"365
                                       lb",365,lb,165.6,,2026-07-12T17:16:21.825186+00:00
169360,1,Men,99,1261,99.0087,1257,1287,200,cache,Deadlift 1RM,"555
                                       lb",555,lb,251.7,,2026-07-12T17:16:21.825186+00:00
169360,1,Men,99,1261,99.0087,1257,1287,200,cache,Fran,02:32,,,,152,2026-07-12T17:16:21.825186+00:00
169360,1,Men,99,1261,99.0087,1257,1287,200,cache,Grace,01:40,,,,100,2026-07-12T17:16:21.825186+00:00
169360,1,Men,99,1261,99.0087,1257,1287,200,cache,Pull-ups,"57
                                       reps",57,reps,,,2026-07-12T17:16:21.825186+00:00
169360,1,Men,99,1261,99.0087,1257,1287,200,cache,Run 400m,00:56,,,,56,2026-07-12T17:16:21.825186+00:00
169360,1,Men,99,1261,99.0087,1257,1287,200,cache,Run 5k,21:22,,,,1282,2026-07-12T17:16:21.825186+00:00
169360,1,Men,99,1261,99.0087,1257,1287,200,cache,Squat Snatch 1RM,"308
                                       lb",308,lb,139.7,,2026-07-12T17:16:21.825186+00:00
459811,1,Men,99,1265,99.0056,1257,1287,200,cache,Back Squat 1RM,"305
                                       lb",305,lb,138.3,,2026-07-12T17:16:21.825186+00:00
459811,1,Men,99,1265,99.0056,1257,1287,200,cache,Clean & Jerk 1RM,"215
                                       lb",215,lb,97.5,,2026-07-12T17:16:21.825186+00:00
459811,1,Men,99,1265,99.0056,1257,1287,200,cache,Deadlift 1RM,"315
                                       lb",315,lb,142.9,,2026-07-12T17:16:21.825186+00:00
459811,1,Men,99,1265,99.0056,1257,1287,200,cache,Pull-ups,"47
                                       reps",47,reps,,,2026-07-12T17:16:21.825186+00:00
459811,1,Men,99,1265,99.0056,1257,1287,200,cache,Squat Snatch 1RM,"165
                                       lb",165,lb,74.8,,2026-07-12T17:16:21.825186+00:00
291802,1,Men,99,1266,99.0048,1257,1287,200,cache,Back Squat 1RM,"190
                                       kg",190,kg,190.0,,2026-07-12T17:16:21.825186+00:00
291802,1,Men,99,1266,99.0048,1257,1287,200,cache,Clean & Jerk 1RM,"150
                                       kg",150,kg,150.0,,2026-07-12T17:16:21.825186+00:00
291802,1,Men,99,1266,99.0048,1257,1287,200,cache,Deadlift 1RM,"229
                                       kg",229,kg,229.0,,2026-07-12T17:16:21.825186+00:00
291802,1,Men,99,1266,99.0048,1257,1287,200,cache,Filthy 50,23:32,,,,1412,2026-07-12T17:16:21.825186+00:00
291802,1,Men,99,1266,99.0048,1257,1287,200,cache,Fran,02:47,,,,167,2026-07-12T17:16:21.825186+00:00
291802,1,Men,99,1266,99.0048,1257,1287,200,cache,Grace,01:37,,,,97,2026-07-12T17:16:21.825186+00:00
291802,1,Men,99,1266,99.0048,1257,1287,200,cache,Pull-ups,"41
                                       reps",41,reps,,,2026-07-12T17:16:21.825186+00:00
291802,1,Men,99,1266,99.0048,1257,1287,200,cache,Run 5k,20:01,,,,1201,2026-07-12T17:16:21.825186+00:00
291802,1,Men,99,1266,99.0048,1257,1287,200,cache,Squat Snatch 1RM,"120
                                       kg",120,kg,120.0,,2026-07-12T17:16:21.825186+00:00
1145631,1,Men,99,1267,99.0040,1257,1287,200,cache,Back Squat 1RM,"445
                                       lb",445,lb,201.8,,2026-07-12T17:16:21.825186+00:00
1145631,1,Men,99,1267,99.0040,1257,1287,200,cache,Bench Press 1RM,"295
                                       lb",295,lb,133.8,,2026-07-12T17:16:21.825186+00:00
1145631,1,Men,99,1267,99.0040,1257,1287,200,cache,Clean & Jerk 1RM,"340
                                       lb",340,lb,154.2,,2026-07-12T17:16:21.825186+00:00
1145631,1,Men,99,1267,99.0040,1257,1287,200,cache,Deadlift 1RM,"541
                                       lb",541,lb,245.4,,2026-07-12T17:16:21.825186+00:00
1145631,1,Men,99,1267,99.0040,1257,1287,200,cache,Front Squat 1RM,"385
                                       lb",385,lb,174.6,,2026-07-12T17:16:21.825186+00:00
1145631,1,Men,99,1267,99.0040,1257,1287,200,cache,Hang Power Clean 1RM,"325
                                       lb",325,lb,147.4,,2026-07-12T17:16:21.825186+00:00
1145631,1,Men,99,1267,99.0040,1257,1287,200,cache,Shoulder Press 1RM,"205
                                       lb",205,lb,93.0,,2026-07-12T17:16:21.825186+00:00
1145631,1,Men,99,1267,99.0040,1257,1287,200,cache,Squat Snatch 1RM,"295
                                       lb",295,lb,133.8,,2026-07-12T17:16:21.825186+00:00
1955592,1,Men,99,1268,99.0032,1257,1287,200,cache,Back Squat 1RM,"210
                                       kg",210,kg,210.0,,2026-07-12T17:16:21.825186+00:00
1955592,1,Men,99,1268,99.0032,1257,1287,200,cache,Clean & Jerk 1RM,"150
                                       kg",150,kg,150.0,,2026-07-12T17:16:21.825186+00:00
1955592,1,Men,99,1268,99.0032,1257,1287,200,cache,Deadlift 1RM,"220
                                       kg",220,kg,220.0,,2026-07-12T17:16:21.825186+00:00
1955592,1,Men,99,1268,99.0032,1257,1287,200,cache,Pull-ups,"85
                                       reps",85,reps,,,2026-07-12T17:16:21.825186+00:00
1955592,1,Men,99,1268,99.0032,1257,1287,200,cache,Run 5k,21:45,,,,1305,2026-07-12T17:16:21.825186+00:00
1955592,1,Men,99,1268,99.0032,1257,1287,200,cache,Squat Snatch 1RM,"115
                                       kg",115,kg,115.0,,2026-07-12T17:16:21.825186+00:00
974750,1,Men,99,1269,99.0025,1257,1287,200,cache,Back Squat 1RM,"445
                                       lb",445,lb,201.8,,2026-07-12T17:16:21.825186+00:00
974750,1,Men,99,1269,99.0025,1257,1287,200,cache,Clean & Jerk 1RM,"325
                                       lb",325,lb,147.4,,2026-07-12T17:16:21.825186+00:00
974750,1,Men,99,1269,99.0025,1257,1287,200,cache,Deadlift 1RM,"500
                                       lb",500,lb,226.8,,2026-07-12T17:16:21.825186+00:00
974750,1,Men,99,1269,99.0025,1257,1287,200,cache,Fran,02:11,,,,131,2026-07-12T17:16:21.825186+00:00
974750,1,Men,99,1269,99.0025,1257,1287,200,cache,Grace,01:43,,,,103,2026-07-12T17:16:21.825186+00:00
974750,1,Men,99,1269,99.0025,1257,1287,200,cache,Squat Snatch 1RM,"225
                                       lb",225,lb,102.1,,2026-07-12T17:16:21.825186+00:00
1075244,1,Men,99,1271,99.0009,1257,1287,200,cache,Back Squat 1RM,"425
                                       lb",425,lb,192.8,,2026-07-12T17:16:21.825186+00:00
1075244,1,Men,99,1271,99.0009,1257,1287,200,cache,Bench Press 1RM,"345
                                       lb",345,lb,156.5,,2026-07-12T17:16:21.825186+00:00
1075244,1,Men,99,1271,99.0009,1257,1287,200,cache,Clean & Jerk 1RM,"315
                                       lb",315,lb,142.9,,2026-07-12T17:16:21.825186+00:00
1075244,1,Men,99,1271,99.0009,1257,1287,200,cache,Deadlift 1RM,"495
                                       lb",495,lb,224.5,,2026-07-12T17:16:21.825186+00:00
1075244,1,Men,99,1271,99.0009,1257,1287,200,cache,Fran,02:12,,,,132,2026-07-12T17:16:21.825186+00:00
1075244,1,Men,99,1271,99.0009,1257,1287,200,cache,Front Squat 1RM,"350
                                       lb",350,lb,158.8,,2026-07-12T17:16:21.825186+00:00
1075244,1,Men,99,1271,99.0009,1257,1287,200,cache,Grace,01:41,,,,101,2026-07-12T17:16:21.825186+00:00
1075244,1,Men,99,1271,99.0009,1257,1287,200,cache,Hang Power Clean 1RM,"295
                                       lb",295,lb,133.8,,2026-07-12T17:16:21.825186+00:00
1075244,1,Men,99,1271,99.0009,1257,1287,200,cache,Hang Squat Clean 1RM,"305
                                       lb",305,lb,138.3,,2026-07-12T17:16:21.825186+00:00
1075244,1,Men,99,1271,99.0009,1257,1287,200,cache,Overhead Squat 1RM,"315
                                       lb",315,lb,142.9,,2026-07-12T17:16:21.825186+00:00
1075244,1,Men,99,1271,99.0009,1257,1287,200,cache,Power Clean 1RM,"305
                                       lb",305,lb,138.3,,2026-07-12T17:16:21.825186+00:00
1075244,1,Men,99,1271,99.0009,1257,1287,200,cache,Power Snatch 1RM,"220
                                       lb",220,lb,99.8,,2026-07-12T17:16:21.825186+00:00
1075244,1,Men,99,1271,99.0009,1257,1287,200,cache,Pull-ups,"40
                                       reps",40,reps,,,2026-07-12T17:16:21.825186+00:00
1075244,1,Men,99,1271,99.0009,1257,1287,200,cache,Push Jerk 1RM,"297
                                       lb",297,lb,134.7,,2026-07-12T17:16:21.825186+00:00
1075244,1,Men,99,1271,99.0009,1257,1287,200,cache,Push Press 1RM,"300
                                       lb",300,lb,136.1,,2026-07-12T17:16:21.825186+00:00
1075244,1,Men,99,1271,99.0009,1257,1287,200,cache,Run 5k,20:30,,,,1230,2026-07-12T17:16:21.825186+00:00
1075244,1,Men,99,1271,99.0009,1257,1287,200,cache,Shoulder Press 1RM,"216
                                       lb",216,lb,98.0,,2026-07-12T17:16:21.825186+00:00
1075244,1,Men,99,1271,99.0009,1257,1287,200,cache,Split Jerk 1RM,"335
                                       lb",335,lb,152.0,,2026-07-12T17:16:21.825186+00:00
1075244,1,Men,99,1271,99.0009,1257,1287,200,cache,Squat Clean 1RM,"315
                                       lb",315,lb,142.9,,2026-07-12T17:16:21.825186+00:00
1075244,1,Men,99,1271,99.0009,1257,1287,200,cache,Squat Snatch 1RM,"255
                                       lb",255,lb,115.7,,2026-07-12T17:16:21.825186+00:00
1075244,1,Men,99,1271,99.0009,1257,1287,200,cache,Thruster 1RM,"280
                                       lb",280,lb,127.0,,2026-07-12T17:16:21.825186+00:00
1075244,1,Men,99,1271,99.0009,1257,1287,200,cache,Weighted Pull-up 1RM,"120
                                       lb",120,lb,54.4,,2026-07-12T17:16:21.825186+00:00
2000048,1,Men,99,1273,98.9993,1257,1287,200,cache,Back Squat 1RM,"160
                                       kg",160,kg,160.0,,2026-07-12T17:16:21.825186+00:00
2000048,1,Men,99,1273,98.9993,1257,1287,200,cache,CHAD1000x,43:50,,,,2630,2026-07-12T17:16:21.825186+00:00
2000048,1,Men,99,1273,98.9993,1257,1287,200,cache,Clean & Jerk 1RM,"110
                                       kg",110,kg,110.0,,2026-07-12T17:16:21.825186+00:00
2000048,1,Men,99,1273,98.9993,1257,1287,200,cache,Deadlift 1RM,"210
                                       kg",210,kg,210.0,,2026-07-12T17:16:21.825186+00:00
2000048,1,Men,99,1273,98.9993,1257,1287,200,cache,Run 5k,21:20,,,,1280,2026-07-12T17:16:21.825186+00:00
2000048,1,Men,99,1273,98.9993,1257,1287,200,cache,Squat Snatch 1RM,"90
                                       kg",90,kg,90.0,,2026-07-12T17:16:21.825186+00:00
1191690,1,Men,99,1277,98.9962,1257,1287,200,cache,Back Squat 1RM,"212
                                       kg",212,kg,212.0,,2026-07-12T17:16:21.825186+00:00
1191690,1,Men,99,1277,98.9962,1257,1287,200,cache,Clean & Jerk 1RM,"146
                                       kg",146,kg,146.0,,2026-07-12T17:16:21.825186+00:00
1191690,1,Men,99,1277,98.9962,1257,1287,200,cache,Deadlift 1RM,"235
                                       kg",235,kg,235.0,,2026-07-12T17:16:21.825186+00:00
1191690,1,Men,99,1277,98.9962,1257,1287,200,cache,Fran,02:35,,,,155,2026-07-12T17:16:21.825186+00:00
1191690,1,Men,99,1277,98.9962,1257,1287,200,cache,Front Squat 1RM,"180
                                       kg",180,kg,180.0,,2026-07-12T17:16:21.825186+00:00
1191690,1,Men,99,1277,98.9962,1257,1287,200,cache,Grace,01:46,,,,106,2026-07-12T17:16:21.825186+00:00
1191690,1,Men,99,1277,98.9962,1257,1287,200,cache,Hang Power Clean 1RM,"130
                                       kg",130,kg,130.0,,2026-07-12T17:16:21.825186+00:00
1191690,1,Men,99,1277,98.9962,1257,1287,200,cache,Hang Power Snatch 1RM,"105
                                       kg",105,kg,105.0,,2026-07-12T17:16:21.825186+00:00
1191690,1,Men,99,1277,98.9962,1257,1287,200,cache,Hang Squat Clean 1RM,"145
                                       kg",145,kg,145.0,,2026-07-12T17:16:21.825186+00:00
1191690,1,Men,99,1277,98.9962,1257,1287,200,cache,Hang Squat Snatch 1RM,"110
                                       kg",110,kg,110.0,,2026-07-12T17:16:21.825186+00:00
1191690,1,Men,99,1277,98.9962,1257,1287,200,cache,Power Clean 1RM,"140
                                       kg",140,kg,140.0,,2026-07-12T17:16:21.825186+00:00
1191690,1,Men,99,1277,98.9962,1257,1287,200,cache,Power Snatch 1RM,"110
                                       kg",110,kg,110.0,,2026-07-12T17:16:21.825186+00:00
1191690,1,Men,99,1277,98.9962,1257,1287,200,cache,Run 5k,21:27,,,,1287,2026-07-12T17:16:21.825186+00:00
1191690,1,Men,99,1277,98.9962,1257,1287,200,cache,Squat Snatch 1RM,"118
                                       kg",118,kg,118.0,,2026-07-12T17:16:21.825186+00:00
668769,1,Men,99,1278,98.9954,1257,1287,200,cache,Back Squat 1RM,"500
                                       lb",500,lb,226.8,,2026-07-12T17:16:21.825186+00:00
668769,1,Men,99,1278,98.9954,1257,1287,200,cache,Clean & Jerk 1RM,"355
                                       lb",355,lb,161.0,,2026-07-12T17:16:21.825186+00:00
668769,1,Men,99,1278,98.9954,1257,1287,200,cache,Deadlift 1RM,"645
                                       lb",645,lb,292.6,,2026-07-12T17:16:21.825186+00:00
668769,1,Men,99,1278,98.9954,1257,1287,200,cache,Fight Gone Bad,"425
                                       reps",425,reps,,,2026-07-12T17:16:21.825186+00:00
668769,1,Men,99,1278,98.9954,1257,1287,200,cache,Filthy 50,19:17,,,,1157,2026-07-12T17:16:21.825186+00:00
668769,1,Men,99,1278,98.9954,1257,1287,200,cache,Fran,01:48,,,,108,2026-07-12T17:16:21.825186+00:00
668769,1,Men,99,1278,98.9954,1257,1287,200,cache,Grace,01:15,,,,75,2026-07-12T17:16:21.825186+00:00
668769,1,Men,99,1278,98.9954,1257,1287,200,cache,Helen,07:00,,,,420,2026-07-12T17:16:21.825186+00:00
668769,1,Men,99,1278,98.9954,1257,1287,200,cache,Pull-ups,"80
                                       reps",80,reps,,,2026-07-12T17:16:21.825186+00:00
668769,1,Men,99,1278,98.9954,1257,1287,200,cache,Run 400m,00:45,,,,45,2026-07-12T17:16:21.825186+00:00
668769,1,Men,99,1278,98.9954,1257,1287,200,cache,Run 5k,22:34,,,,1354,2026-07-12T17:16:21.825186+00:00
668769,1,Men,99,1278,98.9954,1257,1287,200,cache,Squat Snatch 1RM,"285
                                       lb",285,lb,129.3,,2026-07-12T17:16:21.825186+00:00
470496,1,Men,99,1279,98.9946,1257,1287,200,cache,Grace,01:50,,,,110,2026-07-12T17:16:21.825186+00:00
470496,1,Men,99,1279,98.9946,1257,1287,200,cache,Pull-ups,"63
                                       reps",63,reps,,,2026-07-12T17:16:21.825186+00:00
470496,1,Men,99,1279,98.9946,1257,1287,200,cache,Run 400m,00:54,,,,54,2026-07-12T17:16:21.825186+00:00
2006228,1,Men,99,1280,98.9938,1257,1287,200,cache,Back Squat 1RM,"300
                                       lb",300,lb,136.1,,2026-07-12T17:16:21.825186+00:00
2006228,1,Men,99,1280,98.9938,1257,1287,200,cache,CHAD1000x,52:23,,,,3143,2026-07-12T17:16:21.825186+00:00
2006228,1,Men,99,1280,98.9938,1257,1287,200,cache,Clean & Jerk 1RM,"225
                                       lb",225,lb,102.1,,2026-07-12T17:16:21.825186+00:00
2006228,1,Men,99,1280,98.9938,1257,1287,200,cache,Deadlift 1RM,"405
                                       lb",405,lb,183.7,,2026-07-12T17:16:21.825186+00:00
2006228,1,Men,99,1280,98.9938,1257,1287,200,cache,Murph,41:28,,,,2488,2026-07-12T17:16:21.825186+00:00
1324125,1,Men,99,1281,98.9930,1257,1287,200,cache,Back Squat 1RM,"200
                                       kg",200,kg,200.0,,2026-07-12T17:16:21.825186+00:00
1324125,1,Men,99,1281,98.9930,1257,1287,200,cache,Clean & Jerk 1RM,"130
                                       kg",130,kg,130.0,,2026-07-12T17:16:21.825186+00:00
1324125,1,Men,99,1281,98.9930,1257,1287,200,cache,Deadlift 1RM,"225
                                       kg",225,kg,225.0,,2026-07-12T17:16:21.825186+00:00
1324125,1,Men,99,1281,98.9930,1257,1287,200,cache,Fran,02:16,,,,136,2026-07-12T17:16:21.825186+00:00
1324125,1,Men,99,1281,98.9930,1257,1287,200,cache,Front Squat 1RM,"165
                                       kg",165,kg,165.0,,2026-07-12T17:16:21.825186+00:00
1324125,1,Men,99,1281,98.9930,1257,1287,200,cache,Pull-ups,"50
                                       reps",50,reps,,,2026-07-12T17:16:21.825186+00:00
1324125,1,Men,99,1281,98.9930,1257,1287,200,cache,Squat Snatch 1RM,"110
                                       kg",110,kg,110.0,,2026-07-12T17:16:21.825186+00:00
5232,1,Men,99,1283,98.9914,1257,1287,200,cache,Back Squat 1RM,"175
                                       kg",175,kg,175.0,,2026-07-12T17:16:21.825186+00:00
5232,1,Men,99,1283,98.9914,1257,1287,200,cache,Clean & Jerk 1RM,"140
                                       kg",140,kg,140.0,,2026-07-12T17:16:21.825186+00:00
5232,1,Men,99,1283,98.9914,1257,1287,200,cache,Deadlift 1RM,"190
                                       kg",190,kg,190.0,,2026-07-12T17:16:21.825186+00:00
5232,1,Men,99,1283,98.9914,1257,1287,200,cache,Fran,03:30,,,,210,2026-07-12T17:16:21.825186+00:00
5232,1,Men,99,1283,98.9914,1257,1287,200,cache,Grace,02:45,,,,165,2026-07-12T17:16:21.825186+00:00
5232,1,Men,99,1283,98.9914,1257,1287,200,cache,Pull-ups,"33
                                       reps",33,reps,,,2026-07-12T17:16:21.825186+00:00
5232,1,Men,99,1283,98.9914,1257,1287,200,cache,Run 400m,00:55,,,,55,2026-07-12T17:16:21.825186+00:00
5232,1,Men,99,1283,98.9914,1257,1287,200,cache,Squat Snatch 1RM,"115
                                       kg",115,kg,115.0,,2026-07-12T17:16:21.825186+00:00
1232543,1,Men,99,1284,98.9907,1257,1287,200,cache,Back Squat 1RM,"175
                                       kg",175,kg,175.0,,2026-07-12T17:16:21.825186+00:00
1232543,1,Men,99,1284,98.9907,1257,1287,200,cache,Deadlift 1RM,"230
                                       kg",230,kg,230.0,,2026-07-12T17:16:21.825186+00:00
1232543,1,Men,99,1284,98.9907,1257,1287,200,cache,Fran,02:06,,,,126,2026-07-12T17:16:21.825186+00:00
1232543,1,Men,99,1284,98.9907,1257,1287,200,cache,Grace,01:30,,,,90,2026-07-12T17:16:21.825186+00:00
1232543,1,Men,99,1284,98.9907,1257,1287,200,cache,Pull-ups,"75
                                       reps",75,reps,,,2026-07-12T17:16:21.825186+00:00
1232543,1,Men,99,1284,98.9907,1257,1287,200,cache,Run 5k,19:30,,,,1170,2026-07-12T17:16:21.825186+00:00
885340,1,Men,99,1285,98.9899,1257,1287,200,cache,Back Squat 1RM,"180
                                       kg",180,kg,180.0,,2026-07-12T17:16:21.825186+00:00
885340,1,Men,99,1285,98.9899,1257,1287,200,cache,Clean & Jerk 1RM,"140
                                       kg",140,kg,140.0,,2026-07-12T17:16:21.825186+00:00
885340,1,Men,99,1285,98.9899,1257,1287,200,cache,Deadlift 1RM,"207
                                       kg",207,kg,207.0,,2026-07-12T17:16:21.825186+00:00
885340,1,Men,99,1285,98.9899,1257,1287,200,cache,Murph,55:02,,,,3302,2026-07-12T17:16:21.825186+00:00
885340,1,Men,99,1285,98.9899,1257,1287,200,cache,Pull-ups,"33
                                       reps",33,reps,,,2026-07-12T17:16:21.825186+00:00
885340,1,Men,99,1285,98.9899,1257,1287,200,cache,Squat Snatch 1RM,"115
                                       kg",115,kg,115.0,,2026-07-12T17:16:21.825186+00:00
467139,1,Men,99,1286,98.9891,1257,1287,200,cache,Back Squat 1RM,"440
                                       lb",440,lb,199.6,,2026-07-12T17:16:21.825186+00:00
467139,1,Men,99,1286,98.9891,1257,1287,200,cache,Clean & Jerk 1RM,"320
                                       lb",320,lb,145.1,,2026-07-12T17:16:21.825186+00:00
467139,1,Men,99,1286,98.9891,1257,1287,200,cache,Deadlift 1RM,"510
                                       lb",510,lb,231.3,,2026-07-12T17:16:21.825186+00:00
467139,1,Men,99,1286,98.9891,1257,1287,200,cache,Fran,02:33,,,,153,2026-07-12T17:16:21.825186+00:00
467139,1,Men,99,1286,98.9891,1257,1287,200,cache,Pull-ups,"54
                                       reps",54,reps,,,2026-07-12T17:16:21.825186+00:00
467139,1,Men,99,1286,98.9891,1257,1287,200,cache,Run 5k,24:14,,,,1454,2026-07-12T17:16:21.825186+00:00
467139,1,Men,99,1286,98.9891,1257,1287,200,cache,Squat Snatch 1RM,"270
                                       lb",270,lb,122.5,,2026-07-12T17:16:21.825186+00:00
501728,18,Men 35-39,90,2905,90.0446,2903,2933,200,cache,Back Squat 1RM,"450
                                       lb",450,lb,204.1,,2026-07-12T17:16:21.825186+00:00
501728,18,Men 35-39,90,2905,90.0446,2903,2933,200,cache,Clean & Jerk 1RM,"323
                                       lb",323,lb,146.5,,2026-07-12T17:16:21.825186+00:00
501728,18,Men 35-39,90,2905,90.0446,2903,2933,200,cache,Deadlift 1RM,"565
                                       lb",565,lb,256.3,,2026-07-12T17:16:21.825186+00:00
501728,18,Men 35-39,90,2905,90.0446,2903,2933,200,cache,Fran,02:01,,,,121,2026-07-12T17:16:21.825186+00:00
501728,18,Men 35-39,90,2905,90.0446,2903,2933,200,cache,Grace,01:23,,,,83,2026-07-12T17:16:21.825186+00:00
501728,18,Men 35-39,90,2905,90.0446,2903,2933,200,cache,Run 5k,19:01,,,,1141,2026-07-12T17:16:21.825186+00:00
501728,18,Men 35-39,90,2905,90.0446,2903,2933,200,cache,Squat Snatch 1RM,"252
                                       lb",252,lb,114.3,,2026-07-12T17:16:21.825186+00:00
1153738,18,Men 35-39,90,2906,90.0411,2903,2933,200,cache,Back Squat 1RM,"180
                                       kg",180,kg,180.0,,2026-07-12T17:16:21.825186+00:00
1153738,18,Men 35-39,90,2906,90.0411,2903,2933,200,cache,Clean & Jerk 1RM,"140
                                       kg",140,kg,140.0,,2026-07-12T17:16:21.825186+00:00
1153738,18,Men 35-39,90,2906,90.0411,2903,2933,200,cache,Deadlift 1RM,"250
                                       kg",250,kg,250.0,,2026-07-12T17:16:21.825186+00:00
1153738,18,Men 35-39,90,2906,90.0411,2903,2933,200,cache,Grace,02:45,,,,165,2026-07-12T17:16:21.825186+00:00
1153738,18,Men 35-39,90,2906,90.0411,2903,2933,200,cache,Helen,09:08,,,,548,2026-07-12T17:16:21.825186+00:00
1153738,18,Men 35-39,90,2906,90.0411,2903,2933,200,cache,Run 5k,20:05,,,,1205,2026-07-12T17:16:21.825186+00:00
1153738,18,Men 35-39,90,2906,90.0411,2903,2933,200,cache,Squat Snatch 1RM,"110
                                       kg",110,kg,110.0,,2026-07-12T17:16:21.825186+00:00
1994410,18,Men 35-39,90,2911,90.0240,2903,2933,200,cache,Back Squat 1RM,"264
                                       lb",264,lb,119.7,,2026-07-12T17:16:21.825186+00:00
1994410,18,Men 35-39,90,2911,90.0240,2903,2933,200,cache,Bench Press 1RM,"97
                                       kg",97,kg,97.0,,2026-07-12T17:16:21.825186+00:00
1994410,18,Men 35-39,90,2911,90.0240,2903,2933,200,cache,Clean & Jerk 1RM,"189
                                       lb",189,lb,85.7,,2026-07-12T17:16:21.825186+00:00
1994410,18,Men 35-39,90,2911,90.0240,2903,2933,200,cache,Deadlift 1RM,"330
                                       lb",330,lb,149.7,,2026-07-12T17:16:21.825186+00:00
1994410,18,Men 35-39,90,2911,90.0240,2903,2933,200,cache,Front Squat 1RM,"100
                                       kg",100,kg,100.0,,2026-07-12T17:16:21.825186+00:00
1994410,18,Men 35-39,90,2911,90.0240,2903,2933,200,cache,Hang Power Clean 1RM,"85
                                       kg",85,kg,85.0,,2026-07-12T17:16:21.825186+00:00
1994410,18,Men 35-39,90,2911,90.0240,2903,2933,200,cache,Hang Power Snatch 1RM,"65
                                       kg",65,kg,65.0,,2026-07-12T17:16:21.825186+00:00
1994410,18,Men 35-39,90,2911,90.0240,2903,2933,200,cache,Overhead Squat 1RM,"85
                                       kg",85,kg,85.0,,2026-07-12T17:16:21.825186+00:00
1994410,18,Men 35-39,90,2911,90.0240,2903,2933,200,cache,Pull-ups,"10
                                       reps",10,reps,,,2026-07-12T17:16:21.825186+00:00
1994410,18,Men 35-39,90,2911,90.0240,2903,2933,200,cache,Run 5k,18:45,,,,1125,2026-07-12T17:16:21.825186+00:00
1994410,18,Men 35-39,90,2911,90.0240,2903,2933,200,cache,Squat Snatch 1RM,"121
                                       lb",121,lb,54.9,,2026-07-12T17:16:21.825186+00:00
668340,18,Men 35-39,90,2913,90.0171,2903,2933,200,cache,Back Squat 1RM,"180
                                       kg",180,kg,180.0,,2026-07-12T17:16:21.825186+00:00
668340,18,Men 35-39,90,2913,90.0171,2903,2933,200,cache,Clean & Jerk 1RM,"120
                                       kg",120,kg,120.0,,2026-07-12T17:16:21.825186+00:00
668340,18,Men 35-39,90,2913,90.0171,2903,2933,200,cache,Deadlift 1RM,"205
                                       kg",205,kg,205.0,,2026-07-12T17:16:21.825186+00:00
668340,18,Men 35-39,90,2913,90.0171,2903,2933,200,cache,Pull-ups,"46
                                       reps",46,reps,,,2026-07-12T17:16:21.825186+00:00
668340,18,Men 35-39,90,2913,90.0171,2903,2933,200,cache,Run 5k,23:37,,,,1417,2026-07-12T17:16:21.825186+00:00
668340,18,Men 35-39,90,2913,90.0171,2903,2933,200,cache,Squat Snatch 1RM,"86
                                       kg",86,kg,86.0,,2026-07-12T17:16:21.825186+00:00
1493465,18,Men 35-39,90,2919,89.9966,2903,2933,200,cache,Back Squat 1RM,"170
                                       kg",170,kg,170.0,,2026-07-12T17:16:21.825186+00:00
1493465,18,Men 35-39,90,2919,89.9966,2903,2933,200,cache,Clean & Jerk 1RM,"105
                                       kg",105,kg,105.0,,2026-07-12T17:16:21.825186+00:00
1493465,18,Men 35-39,90,2919,89.9966,2903,2933,200,cache,Deadlift 1RM,"220
                                       kg",220,kg,220.0,,2026-07-12T17:16:21.825186+00:00
1493465,18,Men 35-39,90,2919,89.9966,2903,2933,200,cache,Fran,06:12,,,,372,2026-07-12T17:16:21.825186+00:00
1493465,18,Men 35-39,90,2919,89.9966,2903,2933,200,cache,Pull-ups,"8
                                       reps",8,reps,,,2026-07-12T17:16:21.825186+00:00
1493465,18,Men 35-39,90,2919,89.9966,2903,2933,200,cache,Run 400m,01:05,,,,65,2026-07-12T17:16:21.825186+00:00
1493465,18,Men 35-39,90,2919,89.9966,2903,2933,200,cache,Run 5k,22:51,,,,1371,2026-07-12T17:16:21.825186+00:00
1493465,18,Men 35-39,90,2919,89.9966,2903,2933,200,cache,Squat Snatch 1RM,"70
                                       kg",70,kg,70.0,,2026-07-12T17:16:21.825186+00:00
2251784,18,Men 35-39,90,2920,89.9931,2903,2933,200,cache,Back Squat 1RM,"185
                                       kg",185,kg,185.0,,2026-07-12T17:16:21.825186+00:00
2251784,18,Men 35-39,90,2920,89.9931,2903,2933,200,cache,Clean & Jerk 1RM,"135
                                       kg",135,kg,135.0,,2026-07-12T17:16:21.825186+00:00
2251784,18,Men 35-39,90,2920,89.9931,2903,2933,200,cache,Deadlift 1RM,"220
                                       kg",220,kg,220.0,,2026-07-12T17:16:21.825186+00:00
2251784,18,Men 35-39,90,2920,89.9931,2903,2933,200,cache,Pull-ups,"24
                                       reps",24,reps,,,2026-07-12T17:16:21.825186+00:00
2251784,18,Men 35-39,90,2920,89.9931,2903,2933,200,cache,Squat Snatch 1RM,"110
                                       kg",110,kg,110.0,,2026-07-12T17:16:21.825186+00:00
52618,18,Men 35-39,90,2921,89.9897,2903,2933,200,cache,Back Squat 1RM,"405
                                       lb",405,lb,183.7,,2026-07-12T17:16:21.825186+00:00
52618,18,Men 35-39,90,2921,89.9897,2903,2933,200,cache,Clean & Jerk 1RM,"305
                                       lb",305,lb,138.3,,2026-07-12T17:16:21.825186+00:00
52618,18,Men 35-39,90,2921,89.9897,2903,2933,200,cache,Deadlift 1RM,"485
                                       lb",485,lb,220.0,,2026-07-12T17:16:21.825186+00:00
52618,18,Men 35-39,90,2921,89.9897,2903,2933,200,cache,Fight Gone Bad,"387
                                       reps",387,reps,,,2026-07-12T17:16:21.825186+00:00
52618,18,Men 35-39,90,2921,89.9897,2903,2933,200,cache,Filthy 50,18:22,,,,1102,2026-07-12T17:16:21.825186+00:00
52618,18,Men 35-39,90,2921,89.9897,2903,2933,200,cache,Fran,02:23,,,,143,2026-07-12T17:16:21.825186+00:00
52618,18,Men 35-39,90,2921,89.9897,2903,2933,200,cache,Grace,01:49,,,,109,2026-07-12T17:16:21.825186+00:00
52618,18,Men 35-39,90,2921,89.9897,2903,2933,200,cache,Helen,07:34,,,,454,2026-07-12T17:16:21.825186+00:00
52618,18,Men 35-39,90,2921,89.9897,2903,2933,200,cache,Pull-ups,"50
                                       reps",50,reps,,,2026-07-12T17:16:21.825186+00:00
52618,18,Men 35-39,90,2921,89.9897,2903,2933,200,cache,Run 400m,01:05,,,,65,2026-07-12T17:16:21.825186+00:00
52618,18,Men 35-39,90,2921,89.9897,2903,2933,200,cache,Run 5k,21:50,,,,1310,2026-07-12T17:16:21.825186+00:00
52618,18,Men 35-39,90,2921,89.9897,2903,2933,200,cache,Squat Snatch 1RM,"225
                                       lb",225,lb,102.1,,2026-07-12T17:16:21.825186+00:00
1576234,18,Men 35-39,90,2922,89.9863,2903,2933,200,cache,Back Squat 1RM,"335
                                       lb",335,lb,152.0,,2026-07-12T17:16:21.825186+00:00
1576234,18,Men 35-39,90,2922,89.9863,2903,2933,200,cache,Clean & Jerk 1RM,"225
                                       lb",225,lb,102.1,,2026-07-12T17:16:21.825186+00:00
1576234,18,Men 35-39,90,2922,89.9863,2903,2933,200,cache,Deadlift 1RM,"410
                                       lb",410,lb,186.0,,2026-07-12T17:16:21.825186+00:00
974807,18,Men 35-39,90,2926,89.9726,2903,2933,200,cache,Back Squat 1RM,"157
                                       kg",157,kg,157.0,,2026-07-12T17:16:21.825186+00:00
974807,18,Men 35-39,90,2926,89.9726,2903,2933,200,cache,Clean & Jerk 1RM,"120
                                       kg",120,kg,120.0,,2026-07-12T17:16:21.825186+00:00
974807,18,Men 35-39,90,2926,89.9726,2903,2933,200,cache,Deadlift 1RM,"205
                                       kg",205,kg,205.0,,2026-07-12T17:16:21.825186+00:00
974807,18,Men 35-39,90,2926,89.9726,2903,2933,200,cache,Squat Snatch 1RM,"90
                                       kg",90,kg,90.0,,2026-07-12T17:16:21.825186+00:00
2062260,18,Men 35-39,90,2928,89.9657,2903,2933,200,cache,Back Squat 1RM,"140
                                       kg",140,kg,140.0,,2026-07-12T17:16:21.825186+00:00
2062260,18,Men 35-39,90,2928,89.9657,2903,2933,200,cache,Clean & Jerk 1RM,"110
                                       kg",110,kg,110.0,,2026-07-12T17:16:21.825186+00:00
2062260,18,Men 35-39,90,2928,89.9657,2903,2933,200,cache,Deadlift 1RM,"175
                                       kg",175,kg,175.0,,2026-07-12T17:16:21.825186+00:00
2062260,18,Men 35-39,90,2928,89.9657,2903,2933,200,cache,Fran,03:23,,,,203,2026-07-12T17:16:21.825186+00:00
2062260,18,Men 35-39,90,2928,89.9657,2903,2933,200,cache,Grace,02:33,,,,153,2026-07-12T17:16:21.825186+00:00
2062260,18,Men 35-39,90,2928,89.9657,2903,2933,200,cache,Helen,08:44,,,,524,2026-07-12T17:16:21.825186+00:00
2062260,18,Men 35-39,90,2928,89.9657,2903,2933,200,cache,Run 5k,21:58,,,,1318,2026-07-12T17:16:21.825186+00:00
2062260,18,Men 35-39,90,2928,89.9657,2903,2933,200,cache,Squat Snatch 1RM,"85
                                       kg",85,kg,85.0,,2026-07-12T17:16:21.825186+00:00
225749,18,Men 35-39,90,2930,89.9589,2903,2933,200,cache,Back Squat 1RM,"370
                                       lb",370,lb,167.8,,2026-07-12T17:16:21.825186+00:00
225749,18,Men 35-39,90,2930,89.9589,2903,2933,200,cache,Bench Press 1RM,"265
                                       lb",265,lb,120.2,,2026-07-12T17:16:21.825186+00:00
225749,18,Men 35-39,90,2930,89.9589,2903,2933,200,cache,Clean & Jerk 1RM,"265
                                       lb",265,lb,120.2,,2026-07-12T17:16:21.825186+00:00
225749,18,Men 35-39,90,2930,89.9589,2903,2933,200,cache,Deadlift 1RM,"480
                                       lb",480,lb,217.7,,2026-07-12T17:16:21.825186+00:00
225749,18,Men 35-39,90,2930,89.9589,2903,2933,200,cache,Fran,03:59,,,,239,2026-07-12T17:16:21.825186+00:00
225749,18,Men 35-39,90,2930,89.9589,2903,2933,200,cache,Grace,03:09,,,,189,2026-07-12T17:16:21.825186+00:00
225749,18,Men 35-39,90,2930,89.9589,2903,2933,200,cache,Helen,08:25,,,,505,2026-07-12T17:16:21.825186+00:00
225749,18,Men 35-39,90,2930,89.9589,2903,2933,200,cache,Murph,35:20,,,,2120,2026-07-12T17:16:21.825186+00:00
225749,18,Men 35-39,90,2930,89.9589,2903,2933,200,cache,Pull-ups,"35
                                       reps",35,reps,,,2026-07-12T17:16:21.825186+00:00
225749,18,Men 35-39,90,2930,89.9589,2903,2933,200,cache,Run 400m,00:50,,,,50,2026-07-12T17:16:21.825186+00:00
225749,18,Men 35-39,90,2930,89.9589,2903,2933,200,cache,Run 5k,19:30,,,,1170,2026-07-12T17:16:21.825186+00:00
225749,18,Men 35-39,90,2930,89.9589,2903,2933,200,cache,Squat Snatch 1RM,"170
                                       lb",170,lb,77.1,,2026-07-12T17:16:21.825186+00:00
1507109,18,Men 35-39,90,2932,89.9520,2903,2933,200,cache,Grace,04:16,,,,256,2026-07-12T17:16:21.825186+00:00
1507109,18,Men 35-39,90,2932,89.9520,2903,2933,200,cache,Murph,35:11,,,,2111,2026-07-12T17:16:21.825186+00:00
1507109,18,Men 35-39,90,2932,89.9520,2903,2933,200,cache,Randy,07:11,,,,431,2026-07-12T17:16:21.825186+00:00
2940902,18,Men 35-39,90,2933,89.9486,2903,2933,200,cache,Back Squat 1RM,"365
                                       lb",365,lb,165.6,,2026-07-12T17:16:21.825186+00:00
2940902,18,Men 35-39,90,2933,89.9486,2903,2933,200,cache,Bench Press 1RM,"250
                                       lb",250,lb,113.4,,2026-07-12T17:16:21.825186+00:00
2940902,18,Men 35-39,90,2933,89.9486,2903,2933,200,cache,Clean & Jerk 1RM,"245
                                       lb",245,lb,111.1,,2026-07-12T17:16:21.825186+00:00
2940902,18,Men 35-39,90,2933,89.9486,2903,2933,200,cache,Deadlift 1RM,"465
                                       lb",465,lb,210.9,,2026-07-12T17:16:21.825186+00:00
2940902,18,Men 35-39,90,2933,89.9486,2903,2933,200,cache,Front Squat 1RM,"325
                                       lb",325,lb,147.4,,2026-07-12T17:16:21.825186+00:00
2940902,18,Men 35-39,90,2933,89.9486,2903,2933,200,cache,Hang Power Clean 1RM,"245
                                       lb",245,lb,111.1,,2026-07-12T17:16:21.825186+00:00
2940902,18,Men 35-39,90,2933,89.9486,2903,2933,200,cache,Hang Power Snatch 1RM,"135
                                       lb",135,lb,61.2,,2026-07-12T17:16:21.825186+00:00
2940902,18,Men 35-39,90,2933,89.9486,2903,2933,200,cache,Hang Squat Clean 1RM,"115
                                       lb",115,lb,52.2,,2026-07-12T17:16:21.825186+00:00
2940902,18,Men 35-39,90,2933,89.9486,2903,2933,200,cache,Hang Squat Snatch 1RM,"115
                                       lb",115,lb,52.2,,2026-07-12T17:16:21.825186+00:00
2940902,18,Men 35-39,90,2933,89.9486,2903,2933,200,cache,Overhead Squat 1RM,"135
                                       lb",135,lb,61.2,,2026-07-12T17:16:21.825186+00:00
2940902,18,Men 35-39,90,2933,89.9486,2903,2933,200,cache,Power Clean 1RM,"245
                                       lb",245,lb,111.1,,2026-07-12T17:16:21.825186+00:00
2940902,18,Men 35-39,90,2933,89.9486,2903,2933,200,cache,Power Snatch 1RM,"155
                                       lb",155,lb,70.3,,2026-07-12T17:16:21.825186+00:00
2940902,18,Men 35-39,90,2933,89.9486,2903,2933,200,cache,Shoulder Press 1RM,"175
                                       lb",175,lb,79.4,,2026-07-12T17:16:21.825186+00:00
2940902,18,Men 35-39,90,2933,89.9486,2903,2933,200,cache,Squat Clean 1RM,"265
                                       lb",265,lb,120.2,,2026-07-12T17:16:21.825186+00:00
781430,18,Men 35-39,95,1448,95.0394,1444,1474,200,cache,Back Squat 1RM,"405
                                       lb",405,lb,183.7,,2026-07-12T17:16:21.825186+00:00
781430,18,Men 35-39,95,1448,95.0394,1444,1474,200,cache,Clean & Jerk 1RM,"285
                                       lb",285,lb,129.3,,2026-07-12T17:16:21.825186+00:00
781430,18,Men 35-39,95,1448,95.0394,1444,1474,200,cache,Deadlift 1RM,"515
                                       lb",515,lb,233.6,,2026-07-12T17:16:21.825186+00:00
781430,18,Men 35-39,95,1448,95.0394,1444,1474,200,cache,Fran,02:47,,,,167,2026-07-12T17:16:21.825186+00:00
781430,18,Men 35-39,95,1448,95.0394,1444,1474,200,cache,Grace,02:05,,,,125,2026-07-12T17:16:21.825186+00:00
781430,18,Men 35-39,95,1448,95.0394,1444,1474,200,cache,Helen,07:57,,,,477,2026-07-12T17:16:21.825186+00:00
781430,18,Men 35-39,95,1448,95.0394,1444,1474,200,cache,Pull-ups,"41
                                       reps",41,reps,,,2026-07-12T17:16:21.825186+00:00
781430,18,Men 35-39,95,1448,95.0394,1444,1474,200,cache,Squat Snatch 1RM,"215
                                       lb",215,lb,97.5,,2026-07-12T17:16:21.825186+00:00
427411,18,Men 35-39,95,1453,95.0223,1444,1474,200,cache,Back Squat 1RM,"405
                                       lb",405,lb,183.7,,2026-07-12T17:16:21.825186+00:00
427411,18,Men 35-39,95,1453,95.0223,1444,1474,200,cache,Clean & Jerk 1RM,"305
                                       lb",305,lb,138.3,,2026-07-12T17:16:21.825186+00:00
427411,18,Men 35-39,95,1453,95.0223,1444,1474,200,cache,Deadlift 1RM,"465
                                       lb",465,lb,210.9,,2026-07-12T17:16:21.825186+00:00
427411,18,Men 35-39,95,1453,95.0223,1444,1474,200,cache,Fran,02:45,,,,165,2026-07-12T17:16:21.825186+00:00
427411,18,Men 35-39,95,1453,95.0223,1444,1474,200,cache,Grace,02:30,,,,150,2026-07-12T17:16:21.825186+00:00
427411,18,Men 35-39,95,1453,95.0223,1444,1474,200,cache,Pull-ups,"50
                                       reps",50,reps,,,2026-07-12T17:16:21.825186+00:00
427411,18,Men 35-39,95,1453,95.0223,1444,1474,200,cache,Run 400m,00:58,,,,58,2026-07-12T17:16:21.825186+00:00
427411,18,Men 35-39,95,1453,95.0223,1444,1474,200,cache,Squat Snatch 1RM,"245
                                       lb",245,lb,111.1,,2026-07-12T17:16:21.825186+00:00
501707,18,Men 35-39,95,1456,95.0120,1444,1474,200,cache,Back Squat 1RM,"450
                                       lb",450,lb,204.1,,2026-07-12T17:16:21.825186+00:00
501707,18,Men 35-39,95,1456,95.0120,1444,1474,200,cache,Clean & Jerk 1RM,"325
                                       lb",325,lb,147.4,,2026-07-12T17:16:21.825186+00:00
501707,18,Men 35-39,95,1456,95.0120,1444,1474,200,cache,Deadlift 1RM,"520
                                       lb",520,lb,235.9,,2026-07-12T17:16:21.825186+00:00
501707,18,Men 35-39,95,1456,95.0120,1444,1474,200,cache,Fight Gone Bad,"295
                                       reps",295,reps,,,2026-07-12T17:16:21.825186+00:00
501707,18,Men 35-39,95,1456,95.0120,1444,1474,200,cache,Fran,02:14,,,,134,2026-07-12T17:16:21.825186+00:00
501707,18,Men 35-39,95,1456,95.0120,1444,1474,200,cache,Grace,01:46,,,,106,2026-07-12T17:16:21.825186+00:00
501707,18,Men 35-39,95,1456,95.0120,1444,1474,200,cache,Helen,08:00,,,,480,2026-07-12T17:16:21.825186+00:00
501707,18,Men 35-39,95,1456,95.0120,1444,1474,200,cache,Pull-ups,"50
                                       reps",50,reps,,,2026-07-12T17:16:21.825186+00:00
501707,18,Men 35-39,95,1456,95.0120,1444,1474,200,cache,Run 400m,00:58,,,,58,2026-07-12T17:16:21.825186+00:00
501707,18,Men 35-39,95,1456,95.0120,1444,1474,200,cache,Run 5k,22:30,,,,1350,2026-07-12T17:16:21.825186+00:00
501707,18,Men 35-39,95,1456,95.0120,1444,1474,200,cache,Squat Snatch 1RM,"260
                                       lb",260,lb,117.9,,2026-07-12T17:16:21.825186+00:00
529411,18,Men 35-39,95,1457,95.0086,1444,1474,200,cache,Back Squat 1RM,"445
                                       lb",445,lb,201.8,,2026-07-12T17:16:21.825186+00:00
529411,18,Men 35-39,95,1457,95.0086,1444,1474,200,cache,Clean & Jerk 1RM,"309
                                       lb",309,lb,140.2,,2026-07-12T17:16:21.825186+00:00
529411,18,Men 35-39,95,1457,95.0086,1444,1474,200,cache,Deadlift 1RM,"485
                                       lb",485,lb,220.0,,2026-07-12T17:16:21.825186+00:00
529411,18,Men 35-39,95,1457,95.0086,1444,1474,200,cache,Fran,02:50,,,,170,2026-07-12T17:16:21.825186+00:00
529411,18,Men 35-39,95,1457,95.0086,1444,1474,200,cache,Grace,02:00,,,,120,2026-07-12T17:16:21.825186+00:00
529411,18,Men 35-39,95,1457,95.0086,1444,1474,200,cache,Pull-ups,"50
                                       reps",50,reps,,,2026-07-12T17:16:21.825186+00:00
529411,18,Men 35-39,95,1457,95.0086,1444,1474,200,cache,Run 400m,01:00,,,,60,2026-07-12T17:16:21.825186+00:00
529411,18,Men 35-39,95,1457,95.0086,1444,1474,200,cache,Run 5k,20:00,,,,1200,2026-07-12T17:16:21.825186+00:00
529411,18,Men 35-39,95,1457,95.0086,1444,1474,200,cache,Squat Snatch 1RM,"249
                                       lb",249,lb,112.9,,2026-07-12T17:16:21.825186+00:00
2246975,18,Men 35-39,95,1458,95.0051,1444,1474,200,cache,Back Squat 1RM,"365
                                       lb",365,lb,165.6,,2026-07-12T17:16:21.825186+00:00
2246975,18,Men 35-39,95,1458,95.0051,1444,1474,200,cache,Back Squat 3RM,"335
                                       lb",335,lb,152.0,,2026-07-12T17:16:21.825186+00:00
2246975,18,Men 35-39,95,1458,95.0051,1444,1474,200,cache,Back Squat 5RM,"320
                                       lb",320,lb,145.1,,2026-07-12T17:16:21.825186+00:00
2246975,18,Men 35-39,95,1458,95.0051,1444,1474,200,cache,Bench Press 1RM,"250
                                       lb",250,lb,113.4,,2026-07-12T17:16:21.825186+00:00
2246975,18,Men 35-39,95,1458,95.0051,1444,1474,200,cache,Cindy,"820
                                       reps",820,reps,,,2026-07-12T17:16:21.825186+00:00
2246975,18,Men 35-39,95,1458,95.0051,1444,1474,200,cache,Clean & Jerk 1RM,"260
                                       lb",260,lb,117.9,,2026-07-12T17:16:21.825186+00:00
2246975,18,Men 35-39,95,1458,95.0051,1444,1474,200,cache,Deadlift 1RM,"510
                                       lb",510,lb,231.3,,2026-07-12T17:16:21.825186+00:00
2246975,18,Men 35-39,95,1458,95.0051,1444,1474,200,cache,Deadlift 3RM,"455
                                       lb",455,lb,206.4,,2026-07-12T17:16:21.825186+00:00
2246975,18,Men 35-39,95,1458,95.0051,1444,1474,200,cache,Deadlift 5RM,"430
                                       lb",430,lb,195.0,,2026-07-12T17:16:21.825186+00:00
2246975,18,Men 35-39,95,1458,95.0051,1444,1474,200,cache,Diane,03:55,,,,235,2026-07-12T17:16:21.825186+00:00
2246975,18,Men 35-39,95,1458,95.0051,1444,1474,200,cache,Fran,03:57,,,,237,2026-07-12T17:16:21.825186+00:00
2246975,18,Men 35-39,95,1458,95.0051,1444,1474,200,cache,Front Squat 1RM,"320
                                       lb",320,lb,145.1,,2026-07-12T17:16:21.825186+00:00
2246975,18,Men 35-39,95,1458,95.0051,1444,1474,200,cache,Front Squat 3RM,"275
                                       lb",275,lb,124.7,,2026-07-12T17:16:21.825186+00:00
2246975,18,Men 35-39,95,1458,95.0051,1444,1474,200,cache,Front Squat 5RM,"265
                                       lb",265,lb,120.2,,2026-07-12T17:16:21.825186+00:00
2246975,18,Men 35-39,95,1458,95.0051,1444,1474,200,cache,Grace,02:20,,,,140,2026-07-12T17:16:21.825186+00:00
2246975,18,Men 35-39,95,1458,95.0051,1444,1474,200,cache,Grettel,06:56,,,,416,2026-07-12T17:16:21.825186+00:00
2246975,18,Men 35-39,95,1458,95.0051,1444,1474,200,cache,Hang Power Clean 1RM,"245
                                       lb",245,lb,111.1,,2026-07-12T17:16:21.825186+00:00
2246975,18,Men 35-39,95,1458,95.0051,1444,1474,200,cache,Hang Power Snatch 1RM,"175
                                       lb",175,lb,79.4,,2026-07-12T17:16:21.825186+00:00
2246975,18,Men 35-39,95,1458,95.0051,1444,1474,200,cache,Hang Squat Clean 1RM,"250
                                       lb",250,lb,113.4,,2026-07-12T17:16:21.825186+00:00
2246975,18,Men 35-39,95,1458,95.0051,1444,1474,200,cache,Hang Squat Snatch 1RM,"175
                                       lb",175,lb,79.4,,2026-07-12T17:16:21.825186+00:00
2246975,18,Men 35-39,95,1458,95.0051,1444,1474,200,cache,Karen,08:01,,,,481,2026-07-12T17:16:21.825186+00:00
2246975,18,Men 35-39,95,1458,95.0051,1444,1474,200,cache,Murph,62:23,,,,3743,2026-07-12T17:16:21.825186+00:00
2246975,18,Men 35-39,95,1458,95.0051,1444,1474,200,cache,Nancy,16:53,,,,1013,2026-07-12T17:16:21.825186+00:00
2246975,18,Men 35-39,95,1458,95.0051,1444,1474,200,cache,Overhead Squat 1RM,"205
                                       lb",205,lb,93.0,,2026-07-12T17:16:21.825186+00:00
2246975,18,Men 35-39,95,1458,95.0051,1444,1474,200,cache,Power Clean 1RM,"260
                                       lb",260,lb,117.9,,2026-07-12T17:16:21.825186+00:00
2246975,18,Men 35-39,95,1458,95.0051,1444,1474,200,cache,Power Snatch 1RM,"180
                                       lb",180,lb,81.6,,2026-07-12T17:16:21.825186+00:00
2246975,18,Men 35-39,95,1458,95.0051,1444,1474,200,cache,Push Jerk 1RM,"225
                                       lb",225,lb,102.1,,2026-07-12T17:16:21.825186+00:00
2246975,18,Men 35-39,95,1458,95.0051,1444,1474,200,cache,Push Press 1RM,"210
                                       lb",210,lb,95.3,,2026-07-12T17:16:21.825186+00:00
2246975,18,Men 35-39,95,1458,95.0051,1444,1474,200,cache,Randy,05:34,,,,334,2026-07-12T17:16:21.825186+00:00
2246975,18,Men 35-39,95,1458,95.0051,1444,1474,200,cache,Run 5k,22:49,,,,1369,2026-07-12T17:16:21.825186+00:00
2246975,18,Men 35-39,95,1458,95.0051,1444,1474,200,cache,Shoulder Press 1RM,"180
                                       lb",180,lb,81.6,,2026-07-12T17:16:21.825186+00:00
2246975,18,Men 35-39,95,1458,95.0051,1444,1474,200,cache,Split Jerk 1RM,"255
                                       lb",255,lb,115.7,,2026-07-12T17:16:21.825186+00:00
2246975,18,Men 35-39,95,1458,95.0051,1444,1474,200,cache,Squat Clean 1RM,"280
                                       lb",280,lb,127.0,,2026-07-12T17:16:21.825186+00:00
2246975,18,Men 35-39,95,1458,95.0051,1444,1474,200,cache,Squat Snatch 1RM,"190
                                       lb",190,lb,86.2,,2026-07-12T17:16:21.825186+00:00
2246975,18,Men 35-39,95,1458,95.0051,1444,1474,200,cache,Thruster 1RM,"230
                                       lb",230,lb,104.3,,2026-07-12T17:16:21.825186+00:00
2246975,18,Men 35-39,95,1458,95.0051,1444,1474,200,cache,Toes-to-Bar,"32
                                       reps",32,reps,,,2026-07-12T17:16:21.825186+00:00
2246975,18,Men 35-39,95,1458,95.0051,1444,1474,200,cache,Weighted Pull-up 1RM,"100
                                       lb",100,lb,45.4,,2026-07-12T17:16:21.825186+00:00
2163489,18,Men 35-39,95,1461,94.9949,1444,1474,200,cache,Back Squat 1RM,"180
                                       kg",180,kg,180.0,,2026-07-12T17:16:21.825186+00:00
2163489,18,Men 35-39,95,1461,94.9949,1444,1474,200,cache,Clean & Jerk 1RM,"130
                                       kg",130,kg,130.0,,2026-07-12T17:16:21.825186+00:00
2163489,18,Men 35-39,95,1461,94.9949,1444,1474,200,cache,Deadlift 1RM,"220
                                       kg",220,kg,220.0,,2026-07-12T17:16:21.825186+00:00
2163489,18,Men 35-39,95,1461,94.9949,1444,1474,200,cache,Fran,05:16,,,,316,2026-07-12T17:16:21.825186+00:00
2163489,18,Men 35-39,95,1461,94.9949,1444,1474,200,cache,Pull-ups,"42
                                       reps",42,reps,,,2026-07-12T17:16:21.825186+00:00
2163489,18,Men 35-39,95,1461,94.9949,1444,1474,200,cache,Run 5k,27:09,,,,1629,2026-07-12T17:16:21.825186+00:00
2163489,18,Men 35-39,95,1461,94.9949,1444,1474,200,cache,Squat Snatch 1RM,"112
                                       kg",112,kg,112.0,,2026-07-12T17:16:21.825186+00:00
55894,18,Men 35-39,95,1464,94.9846,1444,1474,200,cache,Back Squat 1RM,"425
                                       lb",425,lb,192.8,,2026-07-12T17:16:21.825186+00:00
55894,18,Men 35-39,95,1464,94.9846,1444,1474,200,cache,Clean & Jerk 1RM,"335
                                       lb",335,lb,152.0,,2026-07-12T17:16:21.825186+00:00
55894,18,Men 35-39,95,1464,94.9846,1444,1474,200,cache,Deadlift 1RM,"525
                                       lb",525,lb,238.1,,2026-07-12T17:16:21.825186+00:00
55894,18,Men 35-39,95,1464,94.9846,1444,1474,200,cache,Fight Gone Bad,"429
                                       reps",429,reps,,,2026-07-12T17:16:21.825186+00:00
55894,18,Men 35-39,95,1464,94.9846,1444,1474,200,cache,Filthy 50,20:45,,,,1245,2026-07-12T17:16:21.825186+00:00
55894,18,Men 35-39,95,1464,94.9846,1444,1474,200,cache,Fran,02:19,,,,139,2026-07-12T17:16:21.825186+00:00
55894,18,Men 35-39,95,1464,94.9846,1444,1474,200,cache,Grace,01:52,,,,112,2026-07-12T17:16:21.825186+00:00
55894,18,Men 35-39,95,1464,94.9846,1444,1474,200,cache,Helen,08:58,,,,538,2026-07-12T17:16:21.825186+00:00
55894,18,Men 35-39,95,1464,94.9846,1444,1474,200,cache,Pull-ups,"50
                                       reps",50,reps,,,2026-07-12T17:16:21.825186+00:00
55894,18,Men 35-39,95,1464,94.9846,1444,1474,200,cache,Run 5k,21:52,,,,1312,2026-07-12T17:16:21.825186+00:00
55894,18,Men 35-39,95,1464,94.9846,1444,1474,200,cache,Squat Snatch 1RM,"250
                                       lb",250,lb,113.4,,2026-07-12T17:16:21.825186+00:00
1076846,18,Men 35-39,95,1466,94.9777,1444,1474,200,cache,Back Squat 1RM,"160
                                       kg",160,kg,160.0,,2026-07-12T17:16:21.825186+00:00
1076846,18,Men 35-39,95,1466,94.9777,1444,1474,200,cache,Bench Press 1RM,"102
                                       kg",102,kg,102.0,,2026-07-12T17:16:21.825186+00:00
1076846,18,Men 35-39,95,1466,94.9777,1444,1474,200,cache,Clean & Jerk 1RM,"120
                                       kg",120,kg,120.0,,2026-07-12T17:16:21.825186+00:00
1076846,18,Men 35-39,95,1466,94.9777,1444,1474,200,cache,Deadlift 1RM,"175
                                       kg",175,kg,175.0,,2026-07-12T17:16:21.825186+00:00
1076846,18,Men 35-39,95,1466,94.9777,1444,1474,200,cache,Front Squat 1RM,"140
                                       kg",140,kg,140.0,,2026-07-12T17:16:21.825186+00:00
1076846,18,Men 35-39,95,1466,94.9777,1444,1474,200,cache,Hang Power Clean 1RM,"120
                                       kg",120,kg,120.0,,2026-07-12T17:16:21.825186+00:00
1076846,18,Men 35-39,95,1466,94.9777,1444,1474,200,cache,Hang Power Snatch 1RM,"90
                                       kg",90,kg,90.0,,2026-07-12T17:16:21.825186+00:00
1076846,18,Men 35-39,95,1466,94.9777,1444,1474,200,cache,Hang Squat Clean 1RM,"115
                                       kg",115,kg,115.0,,2026-07-12T17:16:21.825186+00:00
1076846,18,Men 35-39,95,1466,94.9777,1444,1474,200,cache,Hang Squat Snatch 1RM,"100
                                       kg",100,kg,100.0,,2026-07-12T17:16:21.825186+00:00
1076846,18,Men 35-39,95,1466,94.9777,1444,1474,200,cache,Overhead Squat 1RM,"110
                                       kg",110,kg,110.0,,2026-07-12T17:16:21.825186+00:00
1076846,18,Men 35-39,95,1466,94.9777,1444,1474,200,cache,Power Clean 1RM,"120
                                       kg",120,kg,120.0,,2026-07-12T17:16:21.825186+00:00
1076846,18,Men 35-39,95,1466,94.9777,1444,1474,200,cache,Power Snatch 1RM,"95
                                       kg",95,kg,95.0,,2026-07-12T17:16:21.825186+00:00
1076846,18,Men 35-39,95,1466,94.9777,1444,1474,200,cache,Shoulder Press 1RM,"72
                                       kg",72,kg,72.0,,2026-07-12T17:16:21.825186+00:00
1076846,18,Men 35-39,95,1466,94.9777,1444,1474,200,cache,Split Jerk 1RM,"120
                                       kg",120,kg,120.0,,2026-07-12T17:16:21.825186+00:00
1076846,18,Men 35-39,95,1466,94.9777,1444,1474,200,cache,Squat Clean 1RM,"115
                                       kg",115,kg,115.0,,2026-07-12T17:16:21.825186+00:00
1076846,18,Men 35-39,95,1466,94.9777,1444,1474,200,cache,Squat Snatch 1RM,"105
                                       kg",105,kg,105.0,,2026-07-12T17:16:21.825186+00:00
1913135,18,Men 35-39,95,1467,94.9743,1444,1474,200,cache,Back Squat 1RM,"185
                                       kg",185,kg,185.0,,2026-07-12T17:16:21.825186+00:00
1913135,18,Men 35-39,95,1467,94.9743,1444,1474,200,cache,Clean & Jerk 1RM,"115
                                       kg",115,kg,115.0,,2026-07-12T17:16:21.825186+00:00
1913135,18,Men 35-39,95,1467,94.9743,1444,1474,200,cache,Deadlift 1RM,"220
                                       kg",220,kg,220.0,,2026-07-12T17:16:21.825186+00:00
1913135,18,Men 35-39,95,1467,94.9743,1444,1474,200,cache,Fran,03:01,,,,181,2026-07-12T17:16:21.825186+00:00
1913135,18,Men 35-39,95,1467,94.9743,1444,1474,200,cache,Run 5k,22:58,,,,1378,2026-07-12T17:16:21.825186+00:00
1913135,18,Men 35-39,95,1467,94.9743,1444,1474,200,cache,Squat Snatch 1RM,"90
                                       kg",90,kg,90.0,,2026-07-12T17:16:21.825186+00:00
140162,18,Men 35-39,95,1468,94.9709,1444,1474,200,cache,Back Squat 1RM,"385
                                       lb",385,lb,174.6,,2026-07-12T17:16:21.825186+00:00
140162,18,Men 35-39,95,1468,94.9709,1444,1474,200,cache,Clean & Jerk 1RM,"290
                                       lb",290,lb,131.5,,2026-07-12T17:16:21.825186+00:00
140162,18,Men 35-39,95,1468,94.9709,1444,1474,200,cache,Deadlift 1RM,"455
                                       lb",455,lb,206.4,,2026-07-12T17:16:21.825186+00:00
140162,18,Men 35-39,95,1468,94.9709,1444,1474,200,cache,Fight Gone Bad,"336
                                       reps",336,reps,,,2026-07-12T17:16:21.825186+00:00
140162,18,Men 35-39,95,1468,94.9709,1444,1474,200,cache,Filthy 50,24:34,,,,1474,2026-07-12T17:16:21.825186+00:00
140162,18,Men 35-39,95,1468,94.9709,1444,1474,200,cache,Fran,02:16,,,,136,2026-07-12T17:16:21.825186+00:00
140162,18,Men 35-39,95,1468,94.9709,1444,1474,200,cache,Grace,01:58,,,,118,2026-07-12T17:16:21.825186+00:00
140162,18,Men 35-39,95,1468,94.9709,1444,1474,200,cache,Pull-ups,"67
                                       reps",67,reps,,,2026-07-12T17:16:21.825186+00:00
140162,18,Men 35-39,95,1468,94.9709,1444,1474,200,cache,Squat Snatch 1RM,"225
                                       lb",225,lb,102.1,,2026-07-12T17:16:21.825186+00:00
1757786,18,Men 35-39,95,1469,94.9674,1444,1474,200,cache,Back Squat 1RM,"152
                                       kg",152,kg,152.0,,2026-07-12T17:16:21.825186+00:00
1757786,18,Men 35-39,95,1469,94.9674,1444,1474,200,cache,Clean & Jerk 1RM,"115
                                       kg",115,kg,115.0,,2026-07-12T17:16:21.825186+00:00
1757786,18,Men 35-39,95,1469,94.9674,1444,1474,200,cache,Deadlift 1RM,"190
                                       kg",190,kg,190.0,,2026-07-12T17:16:21.825186+00:00
1757786,18,Men 35-39,95,1469,94.9674,1444,1474,200,cache,Filthy 50,26:03,,,,1563,2026-07-12T17:16:21.825186+00:00
1757786,18,Men 35-39,95,1469,94.9674,1444,1474,200,cache,Fran,03:40,,,,220,2026-07-12T17:16:21.825186+00:00
1757786,18,Men 35-39,95,1469,94.9674,1444,1474,200,cache,Grace,02:45,,,,165,2026-07-12T17:16:21.825186+00:00
1757786,18,Men 35-39,95,1469,94.9674,1444,1474,200,cache,Helen,07:45,,,,465,2026-07-12T17:16:21.825186+00:00
1757786,18,Men 35-39,95,1469,94.9674,1444,1474,200,cache,Pull-ups,"60
                                       reps",60,reps,,,2026-07-12T17:16:21.825186+00:00
1757786,18,Men 35-39,95,1469,94.9674,1444,1474,200,cache,Run 400m,01:05,,,,65,2026-07-12T17:16:21.825186+00:00
1757786,18,Men 35-39,95,1469,94.9674,1444,1474,200,cache,Run 5k,18:02,,,,1082,2026-07-12T17:16:21.825186+00:00
1757786,18,Men 35-39,95,1469,94.9674,1444,1474,200,cache,Squat Snatch 1RM,"90
                                       kg",90,kg,90.0,,2026-07-12T17:16:21.825186+00:00
686756,18,Men 35-39,95,1470,94.9640,1444,1474,200,cache,Back Squat 1RM,"385
                                       lb",385,lb,174.6,,2026-07-12T17:16:21.825186+00:00
686756,18,Men 35-39,95,1470,94.9640,1444,1474,200,cache,Clean & Jerk 1RM,"305
                                       lb",305,lb,138.3,,2026-07-12T17:16:21.825186+00:00
686756,18,Men 35-39,95,1470,94.9640,1444,1474,200,cache,Deadlift 1RM,"525
                                       lb",525,lb,238.1,,2026-07-12T17:16:21.825186+00:00
686756,18,Men 35-39,95,1470,94.9640,1444,1474,200,cache,Filthy 50,23:11,,,,1391,2026-07-12T17:16:21.825186+00:00
686756,18,Men 35-39,95,1470,94.9640,1444,1474,200,cache,Fran,03:10,,,,190,2026-07-12T17:16:21.825186+00:00
686756,18,Men 35-39,95,1470,94.9640,1444,1474,200,cache,Grace,01:41,,,,101,2026-07-12T17:16:21.825186+00:00
686756,18,Men 35-39,95,1470,94.9640,1444,1474,200,cache,Pull-ups,"55
                                       reps",55,reps,,,2026-07-12T17:16:21.825186+00:00
686756,18,Men 35-39,95,1470,94.9640,1444,1474,200,cache,Run 5k,20:11,,,,1211,2026-07-12T17:16:21.825186+00:00
686756,18,Men 35-39,95,1470,94.9640,1444,1474,200,cache,Squat Snatch 1RM,"245
                                       lb",245,lb,111.1,,2026-07-12T17:16:21.825186+00:00
1044596,18,Men 35-39,95,1471,94.9606,1444,1474,200,cache,Back Squat 1RM,"180
                                       kg",180,kg,180.0,,2026-07-12T17:16:21.825186+00:00
1044596,18,Men 35-39,95,1471,94.9606,1444,1474,200,cache,Clean & Jerk 1RM,"125
                                       kg",125,kg,125.0,,2026-07-12T17:16:21.825186+00:00
1044596,18,Men 35-39,95,1471,94.9606,1444,1474,200,cache,Deadlift 1RM,"200
                                       kg",200,kg,200.0,,2026-07-12T17:16:21.825186+00:00
1044596,18,Men 35-39,95,1471,94.9606,1444,1474,200,cache,Fran,02:45,,,,165,2026-07-12T17:16:21.825186+00:00
1044596,18,Men 35-39,95,1471,94.9606,1444,1474,200,cache,Run 5k,22:46,,,,1366,2026-07-12T17:16:21.825186+00:00
1044596,18,Men 35-39,95,1471,94.9606,1444,1474,200,cache,Squat Snatch 1RM,"100
                                       kg",100,kg,100.0,,2026-07-12T17:16:21.825186+00:00
1352790,18,Men 35-39,95,1474,94.9503,1444,1474,200,cache,Back Squat 1RM,"180
                                       kg",180,kg,180.0,,2026-07-12T17:16:21.825186+00:00
1352790,18,Men 35-39,95,1474,94.9503,1444,1474,200,cache,Bench Press 1RM,"130
                                       kg",130,kg,130.0,,2026-07-12T17:16:21.825186+00:00
1352790,18,Men 35-39,95,1474,94.9503,1444,1474,200,cache,Clean & Jerk 1RM,"130
                                       kg",130,kg,130.0,,2026-07-12T17:16:21.825186+00:00
1352790,18,Men 35-39,95,1474,94.9503,1444,1474,200,cache,Deadlift 1RM,"220
                                       kg",220,kg,220.0,,2026-07-12T17:16:21.825186+00:00
1352790,18,Men 35-39,95,1474,94.9503,1444,1474,200,cache,Double-Unders,"150
                                       reps",150,reps,,,2026-07-12T17:16:21.825186+00:00
1352790,18,Men 35-39,95,1474,94.9503,1444,1474,200,cache,Front Squat 1RM,"155
                                       kg",155,kg,155.0,,2026-07-12T17:16:21.825186+00:00
1352790,18,Men 35-39,95,1474,94.9503,1444,1474,200,cache,Murph,24:55,,,,1495,2026-07-12T17:16:21.825186+00:00
1352790,18,Men 35-39,95,1474,94.9503,1444,1474,200,cache,Overhead Squat 1RM,"115
                                       kg",115,kg,115.0,,2026-07-12T17:16:21.825186+00:00
1352790,18,Men 35-39,95,1474,94.9503,1444,1474,200,cache,Pull-ups,"50
                                       reps",50,reps,,,2026-07-12T17:16:21.825186+00:00
1352790,18,Men 35-39,95,1474,94.9503,1444,1474,200,cache,Push Press 1RM,"110
                                       kg",110,kg,110.0,,2026-07-12T17:16:21.825186+00:00
1352790,18,Men 35-39,95,1474,94.9503,1444,1474,200,cache,Run 400m,01:05,,,,65,2026-07-12T17:16:21.825186+00:00
1352790,18,Men 35-39,95,1474,94.9503,1444,1474,200,cache,Run 5k,19:45,,,,1185,2026-07-12T17:16:21.825186+00:00
1352790,18,Men 35-39,95,1474,94.9503,1444,1474,200,cache,Shoulder Press 1RM,"90
                                       kg",90,kg,90.0,,2026-07-12T17:16:21.825186+00:00
1352790,18,Men 35-39,95,1474,94.9503,1444,1474,200,cache,Squat Clean 1RM,"140
                                       kg",140,kg,140.0,,2026-07-12T17:16:21.825186+00:00
1352790,18,Men 35-39,95,1474,94.9503,1444,1474,200,cache,Squat Snatch 1RM,"105
                                       kg",105,kg,105.0,,2026-07-12T17:16:21.825186+00:00
1352790,18,Men 35-39,95,1474,94.9503,1444,1474,200,cache,Strict Pull-ups,"25
                                       reps",25,reps,,,2026-07-12T17:16:21.825186+00:00
229351,18,Men 35-39,99,277,99.0538,277,307,200,cache,Back Squat 1RM,"180
                                       kg",180,kg,180.0,,2026-07-12T17:16:21.825186+00:00
229351,18,Men 35-39,99,277,99.0538,277,307,200,cache,Clean & Jerk 1RM,"115
                                       kg",115,kg,115.0,,2026-07-12T17:16:21.825186+00:00
229351,18,Men 35-39,99,277,99.0538,277,307,200,cache,Deadlift 1RM,"185
                                       kg",185,kg,185.0,,2026-07-12T17:16:21.825186+00:00
229351,18,Men 35-39,99,277,99.0538,277,307,200,cache,Fran,02:17,,,,137,2026-07-12T17:16:21.825186+00:00
229351,18,Men 35-39,99,277,99.0538,277,307,200,cache,Run 5k,18:45,,,,1125,2026-07-12T17:16:21.825186+00:00
229351,18,Men 35-39,99,277,99.0538,277,307,200,cache,Squat Snatch 1RM,"94
                                       kg",94,kg,94.0,,2026-07-12T17:16:21.825186+00:00
264704,18,Men 35-39,99,280,99.0435,277,307,200,cache,Back Squat 1RM,"190
                                       kg",190,kg,190.0,,2026-07-12T17:16:21.825186+00:00
264704,18,Men 35-39,99,280,99.0435,277,307,200,cache,Clean & Jerk 1RM,"140
                                       kg",140,kg,140.0,,2026-07-12T17:16:21.825186+00:00
264704,18,Men 35-39,99,280,99.0435,277,307,200,cache,Deadlift 1RM,"210
                                       kg",210,kg,210.0,,2026-07-12T17:16:21.825186+00:00
264704,18,Men 35-39,99,280,99.0435,277,307,200,cache,Fran,03:21,,,,201,2026-07-12T17:16:21.825186+00:00
264704,18,Men 35-39,99,280,99.0435,277,307,200,cache,Grace,02:10,,,,130,2026-07-12T17:16:21.825186+00:00
264704,18,Men 35-39,99,280,99.0435,277,307,200,cache,Helen,08:50,,,,530,2026-07-12T17:16:21.825186+00:00
264704,18,Men 35-39,99,280,99.0435,277,307,200,cache,Pull-ups,"28
                                       reps",28,reps,,,2026-07-12T17:16:21.825186+00:00
264704,18,Men 35-39,99,280,99.0435,277,307,200,cache,Run 5k,24:00,,,,1440,2026-07-12T17:16:21.825186+00:00
264704,18,Men 35-39,99,280,99.0435,277,307,200,cache,Squat Snatch 1RM,"110
                                       kg",110,kg,110.0,,2026-07-12T17:16:21.825186+00:00
2402323,18,Men 35-39,99,281,99.0401,277,307,200,cache,Back Squat 1RM,"210
                                       kg",210,kg,210.0,,2026-07-12T17:16:21.825186+00:00
2402323,18,Men 35-39,99,281,99.0401,277,307,200,cache,Bench Press 1RM,"145
                                       kg",145,kg,145.0,,2026-07-12T17:16:21.825186+00:00
2402323,18,Men 35-39,99,281,99.0401,277,307,200,cache,Clean & Jerk 1RM,"136
                                       kg",136,kg,136.0,,2026-07-12T17:16:21.825186+00:00
2402323,18,Men 35-39,99,281,99.0401,277,307,200,cache,Deadlift 1RM,"240
                                       kg",240,kg,240.0,,2026-07-12T17:16:21.825186+00:00
2402323,18,Men 35-39,99,281,99.0401,277,307,200,cache,Front Squat 1RM,"184
                                       kg",184,kg,184.0,,2026-07-12T17:16:21.825186+00:00
2402323,18,Men 35-39,99,281,99.0401,277,307,200,cache,Hang Power Snatch 1RM,"105
                                       kg",105,kg,105.0,,2026-07-12T17:16:21.825186+00:00
2402323,18,Men 35-39,99,281,99.0401,277,307,200,cache,Overhead Squat 1RM,"125
                                       kg",125,kg,125.0,,2026-07-12T17:16:21.825186+00:00
2402323,18,Men 35-39,99,281,99.0401,277,307,200,cache,Power Clean 1RM,"130
                                       kg",130,kg,130.0,,2026-07-12T17:16:21.825186+00:00
2402323,18,Men 35-39,99,281,99.0401,277,307,200,cache,Power Snatch 1RM,"92
                                       kg",92,kg,92.0,,2026-07-12T17:16:21.825186+00:00
867785,18,Men 35-39,99,282,99.0367,277,307,200,cache,Back Squat 1RM,"490
                                       lb",490,lb,222.3,,2026-07-12T17:16:21.825186+00:00
867785,18,Men 35-39,99,282,99.0367,277,307,200,cache,Clean & Jerk 1RM,"360
                                       lb",360,lb,163.3,,2026-07-12T17:16:21.825186+00:00
867785,18,Men 35-39,99,282,99.0367,277,307,200,cache,Deadlift 1RM,"600
                                       lb",600,lb,272.2,,2026-07-12T17:16:21.825186+00:00
867785,18,Men 35-39,99,282,99.0367,277,307,200,cache,Fran,02:12,,,,132,2026-07-12T17:16:21.825186+00:00
867785,18,Men 35-39,99,282,99.0367,277,307,200,cache,Run 5k,21:30,,,,1290,2026-07-12T17:16:21.825186+00:00
867785,18,Men 35-39,99,282,99.0367,277,307,200,cache,Squat Snatch 1RM,"292
                                       lb",292,lb,132.4,,2026-07-12T17:16:21.825186+00:00
26401,18,Men 35-39,99,284,99.0298,277,307,200,cache,Back Squat 1RM,"160
                                       kg",160,kg,160.0,,2026-07-12T17:16:21.825186+00:00
26401,18,Men 35-39,99,284,99.0298,277,307,200,cache,Clean & Jerk 1RM,"125
                                       kg",125,kg,125.0,,2026-07-12T17:16:21.825186+00:00
26401,18,Men 35-39,99,284,99.0298,277,307,200,cache,Deadlift 1RM,"190
                                       kg",190,kg,190.0,,2026-07-12T17:16:21.825186+00:00
26401,18,Men 35-39,99,284,99.0298,277,307,200,cache,Fran,03:42,,,,222,2026-07-12T17:16:21.825186+00:00
26401,18,Men 35-39,99,284,99.0298,277,307,200,cache,Grace,02:32,,,,152,2026-07-12T17:16:21.825186+00:00
26401,18,Men 35-39,99,284,99.0298,277,307,200,cache,Helen,07:35,,,,455,2026-07-12T17:16:21.825186+00:00
26401,18,Men 35-39,99,284,99.0298,277,307,200,cache,Pull-ups,"52
                                       reps",52,reps,,,2026-07-12T17:16:21.825186+00:00
26401,18,Men 35-39,99,284,99.0298,277,307,200,cache,Squat Snatch 1RM,"87
                                       kg",87,kg,87.0,,2026-07-12T17:16:21.825186+00:00
320627,18,Men 35-39,99,285,99.0264,277,307,200,cache,Fran,02:23,,,,143,2026-07-12T17:16:21.825186+00:00
320627,18,Men 35-39,99,285,99.0264,277,307,200,cache,Squat Snatch 1RM,"285
                                       lb",285,lb,129.3,,2026-07-12T17:16:21.825186+00:00
274875,18,Men 35-39,99,286,99.0230,277,307,200,cache,Back Squat 1RM,"420
                                       lb",420,lb,190.5,,2026-07-12T17:16:21.825186+00:00
274875,18,Men 35-39,99,286,99.0230,277,307,200,cache,Bench Press 1RM,"310
                                       lb",310,lb,140.6,,2026-07-12T17:16:21.825186+00:00
274875,18,Men 35-39,99,286,99.0230,277,307,200,cache,Clean & Jerk 1RM,"305
                                       lb",305,lb,138.3,,2026-07-12T17:16:21.825186+00:00
274875,18,Men 35-39,99,286,99.0230,277,307,200,cache,Deadlift 1RM,"510
                                       lb",510,lb,231.3,,2026-07-12T17:16:21.825186+00:00
274875,18,Men 35-39,99,286,99.0230,277,307,200,cache,Push Jerk 1RM,"307
                                       lb",307,lb,139.3,,2026-07-12T17:16:21.825186+00:00
274875,18,Men 35-39,99,286,99.0230,277,307,200,cache,Split Jerk 1RM,"307
                                       lb",307,lb,139.3,,2026-07-12T17:16:21.825186+00:00
274875,18,Men 35-39,99,286,99.0230,277,307,200,cache,Squat Snatch 1RM,"235
                                       lb",235,lb,106.6,,2026-07-12T17:16:21.825186+00:00
214307,18,Men 35-39,99,289,99.0127,277,307,200,cache,Back Squat 1RM,"450
                                       lb",450,lb,204.1,,2026-07-12T17:16:21.825186+00:00
214307,18,Men 35-39,99,289,99.0127,277,307,200,cache,Clean & Jerk 1RM,"360
                                       lb",360,lb,163.3,,2026-07-12T17:16:21.825186+00:00
214307,18,Men 35-39,99,289,99.0127,277,307,200,cache,Deadlift 1RM,"550
                                       lb",550,lb,249.5,,2026-07-12T17:16:21.825186+00:00
214307,18,Men 35-39,99,289,99.0127,277,307,200,cache,Fight Gone Bad,"455
                                       reps",455,reps,,,2026-07-12T17:16:21.825186+00:00
214307,18,Men 35-39,99,289,99.0127,277,307,200,cache,Fran,02:06,,,,126,2026-07-12T17:16:21.825186+00:00
214307,18,Men 35-39,99,289,99.0127,277,307,200,cache,Grace,01:35,,,,95,2026-07-12T17:16:21.825186+00:00
214307,18,Men 35-39,99,289,99.0127,277,307,200,cache,Helen,07:26,,,,446,2026-07-12T17:16:21.825186+00:00
214307,18,Men 35-39,99,289,99.0127,277,307,200,cache,Run 5k,18:30,,,,1110,2026-07-12T17:16:21.825186+00:00
214307,18,Men 35-39,99,289,99.0127,277,307,200,cache,Squat Snatch 1RM,"275
                                       lb",275,lb,124.7,,2026-07-12T17:16:21.825186+00:00
13712,18,Men 35-39,99,290,99.0093,277,307,200,cache,Back Squat 1RM,"200
                                       kg",200,kg,200.0,,2026-07-12T17:16:21.825186+00:00
13712,18,Men 35-39,99,290,99.0093,277,307,200,cache,Clean & Jerk 1RM,"150
                                       kg",150,kg,150.0,,2026-07-12T17:16:21.825186+00:00
13712,18,Men 35-39,99,290,99.0093,277,307,200,cache,Deadlift 1RM,"241
                                       kg",241,kg,241.0,,2026-07-12T17:16:21.825186+00:00
13712,18,Men 35-39,99,290,99.0093,277,307,200,cache,Filthy 50,17:10,,,,1030,2026-07-12T17:16:21.825186+00:00
13712,18,Men 35-39,99,290,99.0093,277,307,200,cache,Fran,02:46,,,,166,2026-07-12T17:16:21.825186+00:00
13712,18,Men 35-39,99,290,99.0093,277,307,200,cache,Grace,02:14,,,,134,2026-07-12T17:16:21.825186+00:00
13712,18,Men 35-39,99,290,99.0093,277,307,200,cache,Helen,07:13,,,,433,2026-07-12T17:16:21.825186+00:00
13712,18,Men 35-39,99,290,99.0093,277,307,200,cache,Pull-ups,"52
                                       reps",52,reps,,,2026-07-12T17:16:21.825186+00:00
13712,18,Men 35-39,99,290,99.0093,277,307,200,cache,Run 5k,19:58,,,,1198,2026-07-12T17:16:21.825186+00:00
13712,18,Men 35-39,99,290,99.0093,277,307,200,cache,Squat Snatch 1RM,"110
                                       kg",110,kg,110.0,,2026-07-12T17:16:21.825186+00:00
259607,18,Men 35-39,99,292,99.0024,277,307,200,cache,Back Squat 1RM,"475
                                       lb",475,lb,215.5,,2026-07-12T17:16:21.825186+00:00
259607,18,Men 35-39,99,292,99.0024,277,307,200,cache,Clean & Jerk 1RM,"325
                                       lb",325,lb,147.4,,2026-07-12T17:16:21.825186+00:00
259607,18,Men 35-39,99,292,99.0024,277,307,200,cache,Deadlift 1RM,"490
                                       lb",490,lb,222.3,,2026-07-12T17:16:21.825186+00:00
259607,18,Men 35-39,99,292,99.0024,277,307,200,cache,Squat Snatch 1RM,"275
                                       lb",275,lb,124.7,,2026-07-12T17:16:21.825186+00:00
1981831,18,Men 35-39,99,293,98.9990,277,307,200,cache,Back Squat 1RM,"205
                                       kg",205,kg,205.0,,2026-07-12T17:16:21.825186+00:00
1981831,18,Men 35-39,99,293,98.9990,277,307,200,cache,Back Squat 3RM,"190
                                       kg",190,kg,190.0,,2026-07-12T17:16:21.825186+00:00
1981831,18,Men 35-39,99,293,98.9990,277,307,200,cache,Bench Press 1RM,"125
                                       kg",125,kg,125.0,,2026-07-12T17:16:21.825186+00:00
1981831,18,Men 35-39,99,293,98.9990,277,307,200,cache,CHAD1000x,45:00,,,,2700,2026-07-12T17:16:21.825186+00:00
1981831,18,Men 35-39,99,293,98.9990,277,307,200,cache,Clean & Jerk 1RM,"132
                                       kg",132,kg,132.0,,2026-07-12T17:16:21.825186+00:00
1981831,18,Men 35-39,99,293,98.9990,277,307,200,cache,Deadlift 1RM,"220
                                       kg",220,kg,220.0,,2026-07-12T17:16:21.825186+00:00
1981831,18,Men 35-39,99,293,98.9990,277,307,200,cache,Fran,02:41,,,,161,2026-07-12T17:16:21.825186+00:00
1981831,18,Men 35-39,99,293,98.9990,277,307,200,cache,Front Squat 1RM,"180
                                       kg",180,kg,180.0,,2026-07-12T17:16:21.825186+00:00
1981831,18,Men 35-39,99,293,98.9990,277,307,200,cache,Front Squat 3RM,"150
                                       kg",150,kg,150.0,,2026-07-12T17:16:21.825186+00:00
1981831,18,Men 35-39,99,293,98.9990,277,307,200,cache,Grace,02:00,,,,120,2026-07-12T17:16:21.825186+00:00
1981831,18,Men 35-39,99,293,98.9990,277,307,200,cache,Hang Power Clean 1RM,"140
                                       kg",140,kg,140.0,,2026-07-12T17:16:21.825186+00:00
1981831,18,Men 35-39,99,293,98.9990,277,307,200,cache,Murph,56:00,,,,3360,2026-07-12T17:16:21.825186+00:00
1981831,18,Men 35-39,99,293,98.9990,277,307,200,cache,Overhead Squat 1RM,"110
                                       kg",110,kg,110.0,,2026-07-12T17:16:21.825186+00:00
1981831,18,Men 35-39,99,293,98.9990,277,307,200,cache,Power Snatch 1RM,"100
                                       kg",100,kg,100.0,,2026-07-12T17:16:21.825186+00:00
1981831,18,Men 35-39,99,293,98.9990,277,307,200,cache,Run 5k,22:30,,,,1350,2026-07-12T17:16:21.825186+00:00
1981831,18,Men 35-39,99,293,98.9990,277,307,200,cache,Shoulder Press 1RM,"70
                                       kg",70,kg,70.0,,2026-07-12T17:16:21.825186+00:00
1981831,18,Men 35-39,99,293,98.9990,277,307,200,cache,Squat Clean 1RM,"145
                                       kg",145,kg,145.0,,2026-07-12T17:16:21.825186+00:00
1981831,18,Men 35-39,99,293,98.9990,277,307,200,cache,Squat Snatch 1RM,"110
                                       kg",110,kg,110.0,,2026-07-12T17:16:21.825186+00:00
1981831,18,Men 35-39,99,293,98.9990,277,307,200,cache,Thruster 1RM,"110
                                       kg",110,kg,110.0,,2026-07-12T17:16:21.825186+00:00
1784402,18,Men 35-39,99,294,98.9955,277,307,200,cache,Back Squat 1RM,"190
                                       kg",190,kg,190.0,,2026-07-12T17:16:21.825186+00:00
1784402,18,Men 35-39,99,294,98.9955,277,307,200,cache,Clean & Jerk 1RM,"145
                                       kg",145,kg,145.0,,2026-07-12T17:16:21.825186+00:00
1784402,18,Men 35-39,99,294,98.9955,277,307,200,cache,Deadlift 1RM,"240
                                       kg",240,kg,240.0,,2026-07-12T17:16:21.825186+00:00
1784402,18,Men 35-39,99,294,98.9955,277,307,200,cache,Fran,02:45,,,,165,2026-07-12T17:16:21.825186+00:00
1784402,18,Men 35-39,99,294,98.9955,277,307,200,cache,Squat Snatch 1RM,"115
                                       kg",115,kg,115.0,,2026-07-12T17:16:21.825186+00:00
852035,18,Men 35-39,99,298,98.9818,277,307,200,cache,Back Squat 1RM,"465
                                       lb",465,lb,210.9,,2026-07-12T17:16:21.825186+00:00
852035,18,Men 35-39,99,298,98.9818,277,307,200,cache,Clean & Jerk 1RM,"345
                                       lb",345,lb,156.5,,2026-07-12T17:16:21.825186+00:00
852035,18,Men 35-39,99,298,98.9818,277,307,200,cache,Deadlift 1RM,"525
                                       lb",525,lb,238.1,,2026-07-12T17:16:21.825186+00:00
852035,18,Men 35-39,99,298,98.9818,277,307,200,cache,Fight Gone Bad,"410
                                       reps",410,reps,,,2026-07-12T17:16:21.825186+00:00
852035,18,Men 35-39,99,298,98.9818,277,307,200,cache,Fran,02:13,,,,133,2026-07-12T17:16:21.825186+00:00
852035,18,Men 35-39,99,298,98.9818,277,307,200,cache,Grace,01:17,,,,77,2026-07-12T17:16:21.825186+00:00
852035,18,Men 35-39,99,298,98.9818,277,307,200,cache,Helen,07:20,,,,440,2026-07-12T17:16:21.825186+00:00
852035,18,Men 35-39,99,298,98.9818,277,307,200,cache,Squat Snatch 1RM,"275
                                       lb",275,lb,124.7,,2026-07-12T17:16:21.825186+00:00
903907,18,Men 35-39,99,303,98.9647,277,307,200,cache,Back Squat 1RM,"220
                                       kg",220,kg,220.0,,2026-07-12T17:16:21.825186+00:00
903907,18,Men 35-39,99,303,98.9647,277,307,200,cache,Deadlift 1RM,"260
                                       kg",260,kg,260.0,,2026-07-12T17:16:21.825186+00:00
903907,18,Men 35-39,99,303,98.9647,277,307,200,cache,Row 2000m,06:41,,,,401,2026-07-12T17:16:21.825186+00:00
453267,18,Men 35-39,99,304,98.9613,277,307,200,cache,Back Squat 1RM,"175
                                       kg",175,kg,175.0,,2026-07-12T17:16:21.825186+00:00
453267,18,Men 35-39,99,304,98.9613,277,307,200,cache,Bench Press 1RM,"106
                                       kg",106,kg,106.0,,2026-07-12T17:16:21.825186+00:00
453267,18,Men 35-39,99,304,98.9613,277,307,200,cache,Clean & Jerk 1RM,"136
                                       kg",136,kg,136.0,,2026-07-12T17:16:21.825186+00:00
453267,18,Men 35-39,99,304,98.9613,277,307,200,cache,Deadlift 1RM,"210
                                       kg",210,kg,210.0,,2026-07-12T17:16:21.825186+00:00
453267,18,Men 35-39,99,304,98.9613,277,307,200,cache,Deadlift 3RM,"200
                                       kg",200,kg,200.0,,2026-07-12T17:16:21.825186+00:00
453267,18,Men 35-39,99,304,98.9613,277,307,200,cache,Fran,02:15,,,,135,2026-07-12T17:16:21.825186+00:00
453267,18,Men 35-39,99,304,98.9613,277,307,200,cache,Front Squat 1RM,"165
                                       kg",165,kg,165.0,,2026-07-12T17:16:21.825186+00:00
453267,18,Men 35-39,99,304,98.9613,277,307,200,cache,Grace,01:55,,,,115,2026-07-12T17:16:21.825186+00:00
453267,18,Men 35-39,99,304,98.9613,277,307,200,cache,Hang Power Clean 1RM,"131
                                       kg",131,kg,131.0,,2026-07-12T17:16:21.825186+00:00
453267,18,Men 35-39,99,304,98.9613,277,307,200,cache,Power Clean 1RM,"131
                                       kg",131,kg,131.0,,2026-07-12T17:16:21.825186+00:00
453267,18,Men 35-39,99,304,98.9613,277,307,200,cache,Power Snatch 1RM,"96
                                       kg",96,kg,96.0,,2026-07-12T17:16:21.825186+00:00
453267,18,Men 35-39,99,304,98.9613,277,307,200,cache,Pull-ups,"70
                                       reps",70,reps,,,2026-07-12T17:16:21.825186+00:00
453267,18,Men 35-39,99,304,98.9613,277,307,200,cache,Push Jerk 1RM,"135
                                       kg",135,kg,135.0,,2026-07-12T17:16:21.825186+00:00
453267,18,Men 35-39,99,304,98.9613,277,307,200,cache,Push Press 1RM,"127
                                       kg",127,kg,127.0,,2026-07-12T17:16:21.825186+00:00
453267,18,Men 35-39,99,304,98.9613,277,307,200,cache,Run 400m,00:52,,,,52,2026-07-12T17:16:21.825186+00:00
453267,18,Men 35-39,99,304,98.9613,277,307,200,cache,Run 5k,23:00,,,,1380,2026-07-12T17:16:21.825186+00:00
453267,18,Men 35-39,99,304,98.9613,277,307,200,cache,Shoulder Press 1RM,"87
                                       kg",87,kg,87.0,,2026-07-12T17:16:21.825186+00:00
453267,18,Men 35-39,99,304,98.9613,277,307,200,cache,Split Jerk 1RM,"136
                                       kg",136,kg,136.0,,2026-07-12T17:16:21.825186+00:00
453267,18,Men 35-39,99,304,98.9613,277,307,200,cache,Squat Clean 1RM,"141
                                       kg",141,kg,141.0,,2026-07-12T17:16:21.825186+00:00
453267,18,Men 35-39,99,304,98.9613,277,307,200,cache,Squat Snatch 1RM,"105
                                       kg",105,kg,105.0,,2026-07-12T17:16:21.825186+00:00
391128,18,Men 35-39,99,305,98.9578,277,307,200,cache,Back Squat 1RM,"445
                                       lb",445,lb,201.8,,2026-07-12T17:16:21.825186+00:00
391128,18,Men 35-39,99,305,98.9578,277,307,200,cache,Clean & Jerk 1RM,"345
                                       lb",345,lb,156.5,,2026-07-12T17:16:21.825186+00:00
391128,18,Men 35-39,99,305,98.9578,277,307,200,cache,Deadlift 1RM,"585
                                       lb",585,lb,265.4,,2026-07-12T17:16:21.825186+00:00
391128,18,Men 35-39,99,305,98.9578,277,307,200,cache,Filthy 50,25:21,,,,1521,2026-07-12T17:16:21.825186+00:00
391128,18,Men 35-39,99,305,98.9578,277,307,200,cache,Fran,03:07,,,,187,2026-07-12T17:16:21.825186+00:00
391128,18,Men 35-39,99,305,98.9578,277,307,200,cache,Grace,01:58,,,,118,2026-07-12T17:16:21.825186+00:00
391128,18,Men 35-39,99,305,98.9578,277,307,200,cache,Helen,08:20,,,,500,2026-07-12T17:16:21.825186+00:00
391128,18,Men 35-39,99,305,98.9578,277,307,200,cache,Pull-ups,"40
                                       reps",40,reps,,,2026-07-12T17:16:21.825186+00:00
391128,18,Men 35-39,99,305,98.9578,277,307,200,cache,Run 400m,00:53,,,,53,2026-07-12T17:16:21.825186+00:00
391128,18,Men 35-39,99,305,98.9578,277,307,200,cache,Run 5k,17:32,,,,1052,2026-07-12T17:16:21.825186+00:00
391128,18,Men 35-39,99,305,98.9578,277,307,200,cache,Squat Snatch 1RM,"275
                                       lb",275,lb,124.7,,2026-07-12T17:16:21.825186+00:00
864020,18,Men 35-39,99,306,98.9544,277,307,200,cache,Back Squat 1RM,"200
                                       kg",200,kg,200.0,,2026-07-12T17:16:21.825186+00:00
864020,18,Men 35-39,99,306,98.9544,277,307,200,cache,Bench Press 1RM,"135
                                       kg",135,kg,135.0,,2026-07-12T17:16:21.825186+00:00
864020,18,Men 35-39,99,306,98.9544,277,307,200,cache,Clean & Jerk 1RM,"160
                                       kg",160,kg,160.0,,2026-07-12T17:16:21.825186+00:00
864020,18,Men 35-39,99,306,98.9544,277,307,200,cache,Deadlift 1RM,"220
                                       kg",220,kg,220.0,,2026-07-12T17:16:21.825186+00:00
864020,18,Men 35-39,99,306,98.9544,277,307,200,cache,Front Squat 1RM,"180
                                       kg",180,kg,180.0,,2026-07-12T17:16:21.825186+00:00
864020,18,Men 35-39,99,306,98.9544,277,307,200,cache,Squat Clean 1RM,"165
                                       kg",165,kg,165.0,,2026-07-12T17:16:21.825186+00:00
864020,18,Men 35-39,99,306,98.9544,277,307,200,cache,Squat Snatch 1RM,"135
                                       kg",135,kg,135.0,,2026-07-12T17:16:21.825186+00:00
1080692,12,Men 40-44,90,2184,90.0633,2182,2212,200,cache,30 Muscle-ups For Time,02:48,,,,168,2026-07-12T17:16:21.825186+00:00
1080692,12,Men 40-44,90,2184,90.0633,2182,2212,200,cache,Back Squat 1RM,"304
                                       lb",304,lb,137.9,,2026-07-12T17:16:21.825186+00:00
1080692,12,Men 40-44,90,2184,90.0633,2182,2212,200,cache,Bench Press 1RM,"245
                                       lb",245,lb,111.1,,2026-07-12T17:16:21.825186+00:00
1080692,12,Men 40-44,90,2184,90.0633,2182,2212,200,cache,Clean & Jerk 1RM,"235
                                       lb",235,lb,106.6,,2026-07-12T17:16:21.825186+00:00
1080692,12,Men 40-44,90,2184,90.0633,2182,2212,200,cache,Deadlift 1RM,"355
                                       lb",355,lb,161.0,,2026-07-12T17:16:21.825186+00:00
1080692,12,Men 40-44,90,2184,90.0633,2182,2212,200,cache,Fight Gone Bad,"318
                                       reps",318,reps,,,2026-07-12T17:16:21.825186+00:00
1080692,12,Men 40-44,90,2184,90.0633,2182,2212,200,cache,Filthy 50,22:28,,,,1348,2026-07-12T17:16:21.825186+00:00
1080692,12,Men 40-44,90,2184,90.0633,2182,2212,200,cache,Fran,03:54,,,,234,2026-07-12T17:16:21.825186+00:00
1080692,12,Men 40-44,90,2184,90.0633,2182,2212,200,cache,Front Squat 1RM,"265
                                       lb",265,lb,120.2,,2026-07-12T17:16:21.825186+00:00
1080692,12,Men 40-44,90,2184,90.0633,2182,2212,200,cache,Grace,02:41,,,,161,2026-07-12T17:16:21.825186+00:00
1080692,12,Men 40-44,90,2184,90.0633,2182,2212,200,cache,Helen,08:23,,,,503,2026-07-12T17:16:21.825186+00:00
1080692,12,Men 40-44,90,2184,90.0633,2182,2212,200,cache,Murph,37:22,,,,2242,2026-07-12T17:16:21.825186+00:00
1080692,12,Men 40-44,90,2184,90.0633,2182,2212,200,cache,Run 400m,01:10,,,,70,2026-07-12T17:16:21.825186+00:00
1080692,12,Men 40-44,90,2184,90.0633,2182,2212,200,cache,Shoulder Press 1RM,"175
                                       lb",175,lb,79.4,,2026-07-12T17:16:21.825186+00:00
1080692,12,Men 40-44,90,2184,90.0633,2182,2212,200,cache,Squat Clean 1RM,"235
                                       lb",235,lb,106.6,,2026-07-12T17:16:21.825186+00:00
1080692,12,Men 40-44,90,2184,90.0633,2182,2212,200,cache,Squat Snatch 1RM,"180
                                       lb",180,lb,81.6,,2026-07-12T17:16:21.825186+00:00
1080692,12,Men 40-44,90,2184,90.0633,2182,2212,200,cache,Thruster 1RM,"215
                                       lb",215,lb,97.5,,2026-07-12T17:16:21.825186+00:00
502259,12,Men 40-44,90,2186,90.0542,2182,2212,200,cache,Back Squat 1RM,"300
                                       lb",300,lb,136.1,,2026-07-12T17:16:21.825186+00:00
502259,12,Men 40-44,90,2186,90.0542,2182,2212,200,cache,CHAD1000x,63:48,,,,3828,2026-07-12T17:16:21.825186+00:00
502259,12,Men 40-44,90,2186,90.0542,2182,2212,200,cache,Clean & Jerk 1RM,"250
                                       lb",250,lb,113.4,,2026-07-12T17:16:21.825186+00:00
502259,12,Men 40-44,90,2186,90.0542,2182,2212,200,cache,Deadlift 1RM,"455
                                       lb",455,lb,206.4,,2026-07-12T17:16:21.825186+00:00
502259,12,Men 40-44,90,2186,90.0542,2182,2212,200,cache,Fight Gone Bad,"338
                                       reps",338,reps,,,2026-07-12T17:16:21.825186+00:00
502259,12,Men 40-44,90,2186,90.0542,2182,2212,200,cache,Grace,02:38,,,,158,2026-07-12T17:16:21.825186+00:00
502259,12,Men 40-44,90,2186,90.0542,2182,2212,200,cache,Helen,08:48,,,,528,2026-07-12T17:16:21.825186+00:00
502259,12,Men 40-44,90,2186,90.0542,2182,2212,200,cache,Murph,42:08,,,,2528,2026-07-12T17:16:21.825186+00:00
502259,12,Men 40-44,90,2186,90.0542,2182,2212,200,cache,Pull-ups,"41
                                       reps",41,reps,,,2026-07-12T17:16:21.825186+00:00
502259,12,Men 40-44,90,2186,90.0542,2182,2212,200,cache,Run 400m,01:05,,,,65,2026-07-12T17:16:21.825186+00:00
502259,12,Men 40-44,90,2186,90.0542,2182,2212,200,cache,Run 5k,23:11,,,,1391,2026-07-12T17:16:21.825186+00:00
502259,12,Men 40-44,90,2186,90.0542,2182,2212,200,cache,Squat Snatch 1RM,"200
                                       lb",200,lb,90.7,,2026-07-12T17:16:21.825186+00:00
1626124,12,Men 40-44,90,2188,90.0451,2182,2212,200,cache,Back Squat 1RM,"295
                                       lb",295,lb,133.8,,2026-07-12T17:16:21.825186+00:00
1626124,12,Men 40-44,90,2188,90.0451,2182,2212,200,cache,CHAD1000x,67:54,,,,4074,2026-07-12T17:16:21.825186+00:00
1626124,12,Men 40-44,90,2188,90.0451,2182,2212,200,cache,Clean & Jerk 1RM,"238
                                       lb",238,lb,108.0,,2026-07-12T17:16:21.825186+00:00
1626124,12,Men 40-44,90,2188,90.0451,2182,2212,200,cache,Deadlift 1RM,"385
                                       lb",385,lb,174.6,,2026-07-12T17:16:21.825186+00:00
1626124,12,Men 40-44,90,2188,90.0451,2182,2212,200,cache,Fran,04:25,,,,265,2026-07-12T17:16:21.825186+00:00
1626124,12,Men 40-44,90,2188,90.0451,2182,2212,200,cache,Grace,03:06,,,,186,2026-07-12T17:16:21.825186+00:00
1626124,12,Men 40-44,90,2188,90.0451,2182,2212,200,cache,Murph,57:24,,,,3444,2026-07-12T17:16:21.825186+00:00
1626124,12,Men 40-44,90,2188,90.0451,2182,2212,200,cache,Pull-ups,"38
                                       reps",38,reps,,,2026-07-12T17:16:21.825186+00:00
1626124,12,Men 40-44,90,2188,90.0451,2182,2212,200,cache,Run 5k,21:29,,,,1289,2026-07-12T17:16:21.825186+00:00
1626124,12,Men 40-44,90,2188,90.0451,2182,2212,200,cache,Squat Snatch 1RM,"185
                                       lb",185,lb,83.9,,2026-07-12T17:16:21.825186+00:00
1626124,12,Men 40-44,90,2188,90.0451,2182,2212,200,cache,Strict Muscle-ups,"5
                                       reps",5,reps,,,2026-07-12T17:16:21.825186+00:00
2816450,12,Men 40-44,90,2189,90.0405,2182,2212,200,cache,Fran,04:45,,,,285,2026-07-12T17:16:21.825186+00:00
2494296,12,Men 40-44,90,2191,90.0314,2182,2212,200,cache,Back Squat 1RM,"425
                                       lb",425,lb,192.8,,2026-07-12T17:16:21.825186+00:00
2494296,12,Men 40-44,90,2191,90.0314,2182,2212,200,cache,Clean & Jerk 1RM,"305
                                       lb",305,lb,138.3,,2026-07-12T17:16:21.825186+00:00
2494296,12,Men 40-44,90,2191,90.0314,2182,2212,200,cache,Deadlift 1RM,"435
                                       lb",435,lb,197.3,,2026-07-12T17:16:21.825186+00:00
2494296,12,Men 40-44,90,2191,90.0314,2182,2212,200,cache,Fran,02:45,,,,165,2026-07-12T17:16:21.825186+00:00
2494296,12,Men 40-44,90,2191,90.0314,2182,2212,200,cache,Front Squat 1RM,"355
                                       lb",355,lb,161.0,,2026-07-12T17:16:21.825186+00:00
2494296,12,Men 40-44,90,2191,90.0314,2182,2212,200,cache,Helen,11:30,,,,690,2026-07-12T17:16:21.825186+00:00
2494296,12,Men 40-44,90,2191,90.0314,2182,2212,200,cache,Power Clean 1RM,"310
                                       lb",310,lb,140.6,,2026-07-12T17:16:21.825186+00:00
2494296,12,Men 40-44,90,2191,90.0314,2182,2212,200,cache,Power Snatch 1RM,"225
                                       lb",225,lb,102.1,,2026-07-12T17:16:21.825186+00:00
2494296,12,Men 40-44,90,2191,90.0314,2182,2212,200,cache,Squat Snatch 1RM,"225
                                       lb",225,lb,102.1,,2026-07-12T17:16:21.825186+00:00
1015103,12,Men 40-44,90,2192,90.0269,2182,2212,200,cache,Back Squat 1RM,"363
                                       lb",363,lb,164.7,,2026-07-12T17:16:21.825186+00:00
1015103,12,Men 40-44,90,2192,90.0269,2182,2212,200,cache,Clean & Jerk 1RM,"245
                                       lb",245,lb,111.1,,2026-07-12T17:16:21.825186+00:00
1015103,12,Men 40-44,90,2192,90.0269,2182,2212,200,cache,Deadlift 1RM,"435
                                       lb",435,lb,197.3,,2026-07-12T17:16:21.825186+00:00
1015103,12,Men 40-44,90,2192,90.0269,2182,2212,200,cache,Fran,03:10,,,,190,2026-07-12T17:16:21.825186+00:00
1015103,12,Men 40-44,90,2192,90.0269,2182,2212,200,cache,Squat Snatch 1RM,"191
                                       lb",191,lb,86.6,,2026-07-12T17:16:21.825186+00:00
2091300,12,Men 40-44,90,2196,90.0086,2182,2212,200,cache,Back Squat 1RM,"140
                                       kg",140,kg,140.0,,2026-07-12T17:16:21.825186+00:00
2091300,12,Men 40-44,90,2196,90.0086,2182,2212,200,cache,Grace,03:02,,,,182,2026-07-12T17:16:21.825186+00:00
2091300,12,Men 40-44,90,2196,90.0086,2182,2212,200,cache,Run 5k,27:18,,,,1638,2026-07-12T17:16:21.825186+00:00
2062530,12,Men 40-44,90,2197,90.0041,2182,2212,200,cache,Back Squat 1RM,"340
                                       lb",340,lb,154.2,,2026-07-12T17:16:21.825186+00:00
2062530,12,Men 40-44,90,2197,90.0041,2182,2212,200,cache,Clean & Jerk 1RM,"200
                                       lb",200,lb,90.7,,2026-07-12T17:16:21.825186+00:00
2062530,12,Men 40-44,90,2197,90.0041,2182,2212,200,cache,Deadlift 1RM,"385
                                       lb",385,lb,174.6,,2026-07-12T17:16:21.825186+00:00
2225066,12,Men 40-44,90,2199,89.9950,2182,2212,200,cache,Back Squat 1RM,"120
                                       kg",120,kg,120.0,,2026-07-12T17:16:21.825186+00:00
2225066,12,Men 40-44,90,2199,89.9950,2182,2212,200,cache,Bench Press 1RM,"45
                                       kg",45,kg,45.0,,2026-07-12T17:16:21.825186+00:00
2225066,12,Men 40-44,90,2199,89.9950,2182,2212,200,cache,Clean & Jerk 1RM,"80
                                       kg",80,kg,80.0,,2026-07-12T17:16:21.825186+00:00
2225066,12,Men 40-44,90,2199,89.9950,2182,2212,200,cache,Deadlift 1RM,"165
                                       kg",165,kg,165.0,,2026-07-12T17:16:21.825186+00:00
2225066,12,Men 40-44,90,2199,89.9950,2182,2212,200,cache,Front Squat 1RM,"100
                                       kg",100,kg,100.0,,2026-07-12T17:16:21.825186+00:00
1855895,12,Men 40-44,90,2200,89.9904,2182,2212,200,cache,Back Squat 1RM,"335
                                       lb",335,lb,152.0,,2026-07-12T17:16:21.825186+00:00
1855895,12,Men 40-44,90,2200,89.9904,2182,2212,200,cache,Clean & Jerk 1RM,"225
                                       lb",225,lb,102.1,,2026-07-12T17:16:21.825186+00:00
1855895,12,Men 40-44,90,2200,89.9904,2182,2212,200,cache,Deadlift 1RM,"375
                                       lb",375,lb,170.1,,2026-07-12T17:16:21.825186+00:00
1855895,12,Men 40-44,90,2200,89.9904,2182,2212,200,cache,Fight Gone Bad,"310
                                       reps",310,reps,,,2026-07-12T17:16:21.825186+00:00
1855895,12,Men 40-44,90,2200,89.9904,2182,2212,200,cache,Fran,04:28,,,,268,2026-07-12T17:16:21.825186+00:00
1855895,12,Men 40-44,90,2200,89.9904,2182,2212,200,cache,Helen,09:43,,,,583,2026-07-12T17:16:21.825186+00:00
1855895,12,Men 40-44,90,2200,89.9904,2182,2212,200,cache,Murph,37:45,,,,2265,2026-07-12T17:16:21.825186+00:00
1855895,12,Men 40-44,90,2200,89.9904,2182,2212,200,cache,Run 5k,20:35,,,,1235,2026-07-12T17:16:21.825186+00:00
1855895,12,Men 40-44,90,2200,89.9904,2182,2212,200,cache,Squat Snatch 1RM,"165
                                       lb",165,lb,74.8,,2026-07-12T17:16:21.825186+00:00
2187474,12,Men 40-44,90,2203,89.9768,2182,2212,200,cache,Back Squat 1RM,"335
                                       lb",335,lb,152.0,,2026-07-12T17:16:21.825186+00:00
2187474,12,Men 40-44,90,2203,89.9768,2182,2212,200,cache,Bench Press 1RM,"225
                                       lb",225,lb,102.1,,2026-07-12T17:16:21.825186+00:00
2187474,12,Men 40-44,90,2203,89.9768,2182,2212,200,cache,Clean & Jerk 1RM,"225
                                       lb",225,lb,102.1,,2026-07-12T17:16:21.825186+00:00
2187474,12,Men 40-44,90,2203,89.9768,2182,2212,200,cache,Deadlift 1RM,"385
                                       lb",385,lb,174.6,,2026-07-12T17:16:21.825186+00:00
2187474,12,Men 40-44,90,2203,89.9768,2182,2212,200,cache,Deadlift 3RM,"365
                                       lb",365,lb,165.6,,2026-07-12T17:16:21.825186+00:00
2187474,12,Men 40-44,90,2203,89.9768,2182,2212,200,cache,Fran,05:28,,,,328,2026-07-12T17:16:21.825186+00:00
2187474,12,Men 40-44,90,2203,89.9768,2182,2212,200,cache,Front Squat 1RM,"285
                                       lb",285,lb,129.3,,2026-07-12T17:16:21.825186+00:00
2187474,12,Men 40-44,90,2203,89.9768,2182,2212,200,cache,Grace,03:28,,,,208,2026-07-12T17:16:21.825186+00:00
2187474,12,Men 40-44,90,2203,89.9768,2182,2212,200,cache,Hang Power Snatch 1RM,"155
                                       lb",155,lb,70.3,,2026-07-12T17:16:21.825186+00:00
2187474,12,Men 40-44,90,2203,89.9768,2182,2212,200,cache,Overhead Squat 1RM,"185
                                       lb",185,lb,83.9,,2026-07-12T17:16:21.825186+00:00
2187474,12,Men 40-44,90,2203,89.9768,2182,2212,200,cache,Run 400m,00:55,,,,55,2026-07-12T17:16:21.825186+00:00
2187474,12,Men 40-44,90,2203,89.9768,2182,2212,200,cache,Run 5k,21:40,,,,1300,2026-07-12T17:16:21.825186+00:00
2187474,12,Men 40-44,90,2203,89.9768,2182,2212,200,cache,Squat Snatch 1RM,"155
                                       lb",155,lb,70.3,,2026-07-12T17:16:21.825186+00:00
2187474,12,Men 40-44,90,2203,89.9768,2182,2212,200,cache,Thruster 1RM,"185
                                       lb",185,lb,83.9,,2026-07-12T17:16:21.825186+00:00
180180,12,Men 40-44,90,2204,89.9722,2182,2212,200,cache,Back Squat 1RM,"355
                                       lb",355,lb,161.0,,2026-07-12T17:16:21.825186+00:00
180180,12,Men 40-44,90,2204,89.9722,2182,2212,200,cache,Clean & Jerk 1RM,"263
                                       lb",263,lb,119.3,,2026-07-12T17:16:21.825186+00:00
180180,12,Men 40-44,90,2204,89.9722,2182,2212,200,cache,Deadlift 1RM,"465
                                       lb",465,lb,210.9,,2026-07-12T17:16:21.825186+00:00
180180,12,Men 40-44,90,2204,89.9722,2182,2212,200,cache,Filthy 50,22:54,,,,1374,2026-07-12T17:16:21.825186+00:00
180180,12,Men 40-44,90,2204,89.9722,2182,2212,200,cache,Fran,03:16,,,,196,2026-07-12T17:16:21.825186+00:00
180180,12,Men 40-44,90,2204,89.9722,2182,2212,200,cache,Pull-ups,"30
                                       reps",30,reps,,,2026-07-12T17:16:21.825186+00:00
180180,12,Men 40-44,90,2204,89.9722,2182,2212,200,cache,Squat Snatch 1RM,"185
                                       lb",185,lb,83.9,,2026-07-12T17:16:21.825186+00:00
1362230,12,Men 40-44,90,2205,89.9677,2182,2212,200,cache,Back Squat 1RM,"500
                                       lb",500,lb,226.8,,2026-07-12T17:16:21.825186+00:00
1362230,12,Men 40-44,90,2205,89.9677,2182,2212,200,cache,Bench Press 1RM,"345
                                       lb",345,lb,156.5,,2026-07-12T17:16:21.825186+00:00
1362230,12,Men 40-44,90,2205,89.9677,2182,2212,200,cache,Clean & Jerk 1RM,"320
                                       lb",320,lb,145.1,,2026-07-12T17:16:21.825186+00:00
1362230,12,Men 40-44,90,2205,89.9677,2182,2212,200,cache,Deadlift 1RM,"600
                                       lb",600,lb,272.2,,2026-07-12T17:16:21.825186+00:00
1362230,12,Men 40-44,90,2205,89.9677,2182,2212,200,cache,Front Squat 1RM,"385
                                       lb",385,lb,174.6,,2026-07-12T17:16:21.825186+00:00
1362230,12,Men 40-44,90,2205,89.9677,2182,2212,200,cache,Grace,01:56,,,,116,2026-07-12T17:16:21.825186+00:00
1362230,12,Men 40-44,90,2205,89.9677,2182,2212,200,cache,Hang Power Clean 1RM,"325
                                       lb",325,lb,147.4,,2026-07-12T17:16:21.825186+00:00
1362230,12,Men 40-44,90,2205,89.9677,2182,2212,200,cache,Hang Power Snatch 1RM,"225
                                       lb",225,lb,102.1,,2026-07-12T17:16:21.825186+00:00
1362230,12,Men 40-44,90,2205,89.9677,2182,2212,200,cache,Hang Squat Clean 1RM,"335
                                       lb",335,lb,152.0,,2026-07-12T17:16:21.825186+00:00
1362230,12,Men 40-44,90,2205,89.9677,2182,2212,200,cache,Hang Squat Snatch 1RM,"235
                                       lb",235,lb,106.6,,2026-07-12T17:16:21.825186+00:00
1362230,12,Men 40-44,90,2205,89.9677,2182,2212,200,cache,Murph,42:39,,,,2559,2026-07-12T17:16:21.825186+00:00
1362230,12,Men 40-44,90,2205,89.9677,2182,2212,200,cache,Overhead Squat 1RM,"255
                                       lb",255,lb,115.7,,2026-07-12T17:16:21.825186+00:00
1362230,12,Men 40-44,90,2205,89.9677,2182,2212,200,cache,Power Clean 1RM,"315
                                       lb",315,lb,142.9,,2026-07-12T17:16:21.825186+00:00
1362230,12,Men 40-44,90,2205,89.9677,2182,2212,200,cache,Power Snatch 1RM,"215
                                       lb",215,lb,97.5,,2026-07-12T17:16:21.825186+00:00
1362230,12,Men 40-44,90,2205,89.9677,2182,2212,200,cache,Push Jerk 1RM,"315
                                       lb",315,lb,142.9,,2026-07-12T17:16:21.825186+00:00
1362230,12,Men 40-44,90,2205,89.9677,2182,2212,200,cache,Push Press 1RM,"305
                                       lb",305,lb,138.3,,2026-07-12T17:16:21.825186+00:00
1362230,12,Men 40-44,90,2205,89.9677,2182,2212,200,cache,Shoulder Press 1RM,"195
                                       lb",195,lb,88.5,,2026-07-12T17:16:21.825186+00:00
1362230,12,Men 40-44,90,2205,89.9677,2182,2212,200,cache,Split Jerk 1RM,"320
                                       lb",320,lb,145.1,,2026-07-12T17:16:21.825186+00:00
1362230,12,Men 40-44,90,2205,89.9677,2182,2212,200,cache,Squat Clean 1RM,"335
                                       lb",335,lb,152.0,,2026-07-12T17:16:21.825186+00:00
1362230,12,Men 40-44,90,2205,89.9677,2182,2212,200,cache,Squat Snatch 1RM,"235
                                       lb",235,lb,106.6,,2026-07-12T17:16:21.825186+00:00
1362230,12,Men 40-44,90,2205,89.9677,2182,2212,200,cache,Thruster 1RM,"305
                                       lb",305,lb,138.3,,2026-07-12T17:16:21.825186+00:00
31868,12,Men 40-44,90,2207,89.9586,2182,2212,200,cache,Back Squat 1RM,"435
                                       lb",435,lb,197.3,,2026-07-12T17:16:21.825186+00:00
31868,12,Men 40-44,90,2207,89.9586,2182,2212,200,cache,Clean & Jerk 1RM,"325
                                       lb",325,lb,147.4,,2026-07-12T17:16:21.825186+00:00
31868,12,Men 40-44,90,2207,89.9586,2182,2212,200,cache,Deadlift 1RM,"525
                                       lb",525,lb,238.1,,2026-07-12T17:16:21.825186+00:00
31868,12,Men 40-44,90,2207,89.9586,2182,2212,200,cache,Fight Gone Bad,"417
                                       reps",417,reps,,,2026-07-12T17:16:21.825186+00:00
31868,12,Men 40-44,90,2207,89.9586,2182,2212,200,cache,Filthy 50,19:01,,,,1141,2026-07-12T17:16:21.825186+00:00
31868,12,Men 40-44,90,2207,89.9586,2182,2212,200,cache,Fran,02:37,,,,157,2026-07-12T17:16:21.825186+00:00
31868,12,Men 40-44,90,2207,89.9586,2182,2212,200,cache,Grace,01:39,,,,99,2026-07-12T17:16:21.825186+00:00
31868,12,Men 40-44,90,2207,89.9586,2182,2212,200,cache,Pull-ups,"60
                                       reps",60,reps,,,2026-07-12T17:16:21.825186+00:00
31868,12,Men 40-44,90,2207,89.9586,2182,2212,200,cache,Run 400m,01:01,,,,61,2026-07-12T17:16:21.825186+00:00
31868,12,Men 40-44,90,2207,89.9586,2182,2212,200,cache,Squat Snatch 1RM,"250
                                       lb",250,lb,113.4,,2026-07-12T17:16:21.825186+00:00
1468502,12,Men 40-44,90,2208,89.9540,2182,2212,200,cache,Back Squat 1RM,"425
                                       lb",425,lb,192.8,,2026-07-12T17:16:21.825186+00:00
1468502,12,Men 40-44,90,2208,89.9540,2182,2212,200,cache,Bench Press 1RM,"255
                                       lb",255,lb,115.7,,2026-07-12T17:16:21.825186+00:00
1468502,12,Men 40-44,90,2208,89.9540,2182,2212,200,cache,CHAD1000x,58:58,,,,3538,2026-07-12T17:16:21.825186+00:00
1468502,12,Men 40-44,90,2208,89.9540,2182,2212,200,cache,Clean & Jerk 1RM,"295
                                       lb",295,lb,133.8,,2026-07-12T17:16:21.825186+00:00
1468502,12,Men 40-44,90,2208,89.9540,2182,2212,200,cache,Deadlift 1RM,"525
                                       lb",525,lb,238.1,,2026-07-12T17:16:21.825186+00:00
1468502,12,Men 40-44,90,2208,89.9540,2182,2212,200,cache,Fran,03:29,,,,209,2026-07-12T17:16:21.825186+00:00
1468502,12,Men 40-44,90,2208,89.9540,2182,2212,200,cache,Front Squat 1RM,"340
                                       lb",340,lb,154.2,,2026-07-12T17:16:21.825186+00:00
1468502,12,Men 40-44,90,2208,89.9540,2182,2212,200,cache,Grace,02:19,,,,139,2026-07-12T17:16:21.825186+00:00
1468502,12,Men 40-44,90,2208,89.9540,2182,2212,200,cache,Hang Power Clean 1RM,"265
                                       lb",265,lb,120.2,,2026-07-12T17:16:21.825186+00:00
1468502,12,Men 40-44,90,2208,89.9540,2182,2212,200,cache,Hang Power Snatch 1RM,"185
                                       lb",185,lb,83.9,,2026-07-12T17:16:21.825186+00:00
1468502,12,Men 40-44,90,2208,89.9540,2182,2212,200,cache,Hang Squat Clean 1RM,"285
                                       lb",285,lb,129.3,,2026-07-12T17:16:21.825186+00:00
1468502,12,Men 40-44,90,2208,89.9540,2182,2212,200,cache,Hang Squat Snatch 1RM,"195
                                       lb",195,lb,88.5,,2026-07-12T17:16:21.825186+00:00
1468502,12,Men 40-44,90,2208,89.9540,2182,2212,200,cache,Helen,02:57,,,,177,2026-07-12T17:16:21.825186+00:00
1468502,12,Men 40-44,90,2208,89.9540,2182,2212,200,cache,Overhead Squat 1RM,"295
                                       lb",295,lb,133.8,,2026-07-12T17:16:21.825186+00:00
1468502,12,Men 40-44,90,2208,89.9540,2182,2212,200,cache,Power Clean 1RM,"285
                                       lb",285,lb,129.3,,2026-07-12T17:16:21.825186+00:00
1468502,12,Men 40-44,90,2208,89.9540,2182,2212,200,cache,Power Snatch 1RM,"205
                                       lb",205,lb,93.0,,2026-07-12T17:16:21.825186+00:00
1468502,12,Men 40-44,90,2208,89.9540,2182,2212,200,cache,Pull-ups,"49
                                       reps",49,reps,,,2026-07-12T17:16:21.825186+00:00
1468502,12,Men 40-44,90,2208,89.9540,2182,2212,200,cache,Push Jerk 1RM,"300
                                       lb",300,lb,136.1,,2026-07-12T17:16:21.825186+00:00
1468502,12,Men 40-44,90,2208,89.9540,2182,2212,200,cache,Push Press 1RM,"275
                                       lb",275,lb,124.7,,2026-07-12T17:16:21.825186+00:00
1468502,12,Men 40-44,90,2208,89.9540,2182,2212,200,cache,Run 400m,01:02,,,,62,2026-07-12T17:16:21.825186+00:00
1468502,12,Men 40-44,90,2208,89.9540,2182,2212,200,cache,Run 5k,20:05,,,,1205,2026-07-12T17:16:21.825186+00:00
1468502,12,Men 40-44,90,2208,89.9540,2182,2212,200,cache,Shoulder Press 1RM,"175
                                       lb",175,lb,79.4,,2026-07-12T17:16:21.825186+00:00
1468502,12,Men 40-44,90,2208,89.9540,2182,2212,200,cache,Split Jerk 1RM,"300
                                       lb",300,lb,136.1,,2026-07-12T17:16:21.825186+00:00
1468502,12,Men 40-44,90,2208,89.9540,2182,2212,200,cache,Squat Clean 1RM,"305
                                       lb",305,lb,138.3,,2026-07-12T17:16:21.825186+00:00
1468502,12,Men 40-44,90,2208,89.9540,2182,2212,200,cache,Squat Snatch 1RM,"225
                                       lb",225,lb,102.1,,2026-07-12T17:16:21.825186+00:00
1468502,12,Men 40-44,90,2208,89.9540,2182,2212,200,cache,Thruster 1RM,"255
                                       lb",255,lb,115.7,,2026-07-12T17:16:21.825186+00:00
1468502,12,Men 40-44,90,2208,89.9540,2182,2212,200,cache,Weighted Pull-up 1RM,"90
                                       lb",90,lb,40.8,,2026-07-12T17:16:21.825186+00:00
556615,12,Men 40-44,90,2209,89.9495,2182,2212,200,cache,Back Squat 1RM,"275
                                       lb",275,lb,124.7,,2026-07-12T17:16:21.825186+00:00
556615,12,Men 40-44,90,2209,89.9495,2182,2212,200,cache,Clean & Jerk 1RM,"225
                                       lb",225,lb,102.1,,2026-07-12T17:16:21.825186+00:00
556615,12,Men 40-44,90,2209,89.9495,2182,2212,200,cache,Deadlift 1RM,"345
                                       lb",345,lb,156.5,,2026-07-12T17:16:21.825186+00:00
556615,12,Men 40-44,90,2209,89.9495,2182,2212,200,cache,Fran,02:59,,,,179,2026-07-12T17:16:21.825186+00:00
556615,12,Men 40-44,90,2209,89.9495,2182,2212,200,cache,Grace,02:25,,,,145,2026-07-12T17:16:21.825186+00:00
556615,12,Men 40-44,90,2209,89.9495,2182,2212,200,cache,Helen,09:13,,,,553,2026-07-12T17:16:21.825186+00:00
556615,12,Men 40-44,90,2209,89.9495,2182,2212,200,cache,Murph,48:55,,,,2935,2026-07-12T17:16:21.825186+00:00
556615,12,Men 40-44,90,2209,89.9495,2182,2212,200,cache,Pull-ups,"27
                                       reps",27,reps,,,2026-07-12T17:16:21.825186+00:00
556615,12,Men 40-44,90,2209,89.9495,2182,2212,200,cache,Run 5k,20:47,,,,1247,2026-07-12T17:16:21.825186+00:00
556615,12,Men 40-44,90,2209,89.9495,2182,2212,200,cache,Squat Snatch 1RM,"175
                                       lb",175,lb,79.4,,2026-07-12T17:16:21.825186+00:00
396025,12,Men 40-44,95,1086,95.0612,1084,1114,200,cache,Back Squat 1RM,"435
                                       lb",435,lb,197.3,,2026-07-12T17:16:21.825186+00:00
396025,12,Men 40-44,95,1086,95.0612,1084,1114,200,cache,Clean & Jerk 1RM,"305
                                       lb",305,lb,138.3,,2026-07-12T17:16:21.825186+00:00
396025,12,Men 40-44,95,1086,95.0612,1084,1114,200,cache,Deadlift 1RM,"500
                                       lb",500,lb,226.8,,2026-07-12T17:16:21.825186+00:00
396025,12,Men 40-44,95,1086,95.0612,1084,1114,200,cache,Fran,02:29,,,,149,2026-07-12T17:16:21.825186+00:00
396025,12,Men 40-44,95,1086,95.0612,1084,1114,200,cache,Grace,01:41,,,,101,2026-07-12T17:16:21.825186+00:00
396025,12,Men 40-44,95,1086,95.0612,1084,1114,200,cache,Helen,07:55,,,,475,2026-07-12T17:16:21.825186+00:00
396025,12,Men 40-44,95,1086,95.0612,1084,1114,200,cache,Pull-ups,"55
                                       reps",55,reps,,,2026-07-12T17:16:21.825186+00:00
396025,12,Men 40-44,95,1086,95.0612,1084,1114,200,cache,Run 400m,01:05,,,,65,2026-07-12T17:16:21.825186+00:00
396025,12,Men 40-44,95,1086,95.0612,1084,1114,200,cache,Run 5k,22:30,,,,1350,2026-07-12T17:16:21.825186+00:00
396025,12,Men 40-44,95,1086,95.0612,1084,1114,200,cache,Squat Snatch 1RM,"235
                                       lb",235,lb,106.6,,2026-07-12T17:16:21.825186+00:00
472598,12,Men 40-44,95,1087,95.0567,1084,1114,200,cache,Back Squat 1RM,"200
                                       kg",200,kg,200.0,,2026-07-12T17:16:21.825186+00:00
472598,12,Men 40-44,95,1087,95.0567,1084,1114,200,cache,Clean & Jerk 1RM,"135
                                       kg",135,kg,135.0,,2026-07-12T17:16:21.825186+00:00
472598,12,Men 40-44,95,1087,95.0567,1084,1114,200,cache,Deadlift 1RM,"217
                                       kg",217,kg,217.0,,2026-07-12T17:16:21.825186+00:00
472598,12,Men 40-44,95,1087,95.0567,1084,1114,200,cache,Run 5k,20:00,,,,1200,2026-07-12T17:16:21.825186+00:00
472598,12,Men 40-44,95,1087,95.0567,1084,1114,200,cache,Squat Snatch 1RM,"100
                                       kg",100,kg,100.0,,2026-07-12T17:16:21.825186+00:00
878504,12,Men 40-44,95,1090,95.0430,1084,1114,200,cache,Back Squat 1RM,"465
                                       lb",465,lb,210.9,,2026-07-12T17:16:21.825186+00:00
878504,12,Men 40-44,95,1090,95.0430,1084,1114,200,cache,Clean & Jerk 1RM,"305
                                       lb",305,lb,138.3,,2026-07-12T17:16:21.825186+00:00
878504,12,Men 40-44,95,1090,95.0430,1084,1114,200,cache,Deadlift 1RM,"515
                                       lb",515,lb,233.6,,2026-07-12T17:16:21.825186+00:00
878504,12,Men 40-44,95,1090,95.0430,1084,1114,200,cache,Fran,02:26,,,,146,2026-07-12T17:16:21.825186+00:00
878504,12,Men 40-44,95,1090,95.0430,1084,1114,200,cache,Squat Snatch 1RM,"235
                                       lb",235,lb,106.6,,2026-07-12T17:16:21.825186+00:00
581473,12,Men 40-44,95,1092,95.0339,1084,1114,200,cache,Back Squat 1RM,"335
                                       lb",335,lb,152.0,,2026-07-12T17:16:21.825186+00:00
581473,12,Men 40-44,95,1092,95.0339,1084,1114,200,cache,Clean & Jerk 1RM,"255
                                       lb",255,lb,115.7,,2026-07-12T17:16:21.825186+00:00
581473,12,Men 40-44,95,1092,95.0339,1084,1114,200,cache,Deadlift 1RM,"445
                                       lb",445,lb,201.8,,2026-07-12T17:16:21.825186+00:00
581473,12,Men 40-44,95,1092,95.0339,1084,1114,200,cache,Fran,03:38,,,,218,2026-07-12T17:16:21.825186+00:00
581473,12,Men 40-44,95,1092,95.0339,1084,1114,200,cache,Grace,01:53,,,,113,2026-07-12T17:16:21.825186+00:00
581473,12,Men 40-44,95,1092,95.0339,1084,1114,200,cache,Squat Snatch 1RM,"210
                                       lb",210,lb,95.3,,2026-07-12T17:16:21.825186+00:00
129468,12,Men 40-44,95,1093,95.0294,1084,1114,200,cache,Back Squat 1RM,"145
                                       kg",145,kg,145.0,,2026-07-12T17:16:21.825186+00:00
129468,12,Men 40-44,95,1093,95.0294,1084,1114,200,cache,Back Squat 3RM,"140
                                       kg",140,kg,140.0,,2026-07-12T17:16:21.825186+00:00
129468,12,Men 40-44,95,1093,95.0294,1084,1114,200,cache,Bench Press 1RM,"95
                                       kg",95,kg,95.0,,2026-07-12T17:16:21.825186+00:00
129468,12,Men 40-44,95,1093,95.0294,1084,1114,200,cache,Clean & Jerk 1RM,"95
                                       kg",95,kg,95.0,,2026-07-12T17:16:21.825186+00:00
129468,12,Men 40-44,95,1093,95.0294,1084,1114,200,cache,Deadlift 1RM,"160
                                       kg",160,kg,160.0,,2026-07-12T17:16:21.825186+00:00
129468,12,Men 40-44,95,1093,95.0294,1084,1114,200,cache,Fran,04:45,,,,285,2026-07-12T17:16:21.825186+00:00
129468,12,Men 40-44,95,1093,95.0294,1084,1114,200,cache,Front Squat 1RM,"115
                                       kg",115,kg,115.0,,2026-07-12T17:16:21.825186+00:00
129468,12,Men 40-44,95,1093,95.0294,1084,1114,200,cache,Helen,08:36,,,,516,2026-07-12T17:16:21.825186+00:00
129468,12,Men 40-44,95,1093,95.0294,1084,1114,200,cache,Pull-ups,"17
                                       reps",17,reps,,,2026-07-12T17:16:21.825186+00:00
129468,12,Men 40-44,95,1093,95.0294,1084,1114,200,cache,Run 400m,00:55,,,,55,2026-07-12T17:16:21.825186+00:00
129468,12,Men 40-44,95,1093,95.0294,1084,1114,200,cache,Run 5k,16:30,,,,990,2026-07-12T17:16:21.825186+00:00
129468,12,Men 40-44,95,1093,95.0294,1084,1114,200,cache,Shoulder Press 1RM,"65
                                       kg",65,kg,65.0,,2026-07-12T17:16:21.825186+00:00
129468,12,Men 40-44,95,1093,95.0294,1084,1114,200,cache,Squat Clean 1RM,"110
                                       kg",110,kg,110.0,,2026-07-12T17:16:21.825186+00:00
129468,12,Men 40-44,95,1093,95.0294,1084,1114,200,cache,Squat Snatch 1RM,"70
                                       kg",70,kg,70.0,,2026-07-12T17:16:21.825186+00:00
2090907,12,Men 40-44,95,1095,95.0203,1084,1114,200,cache,Back Squat 1RM,"400
                                       lb",400,lb,181.4,,2026-07-12T17:16:21.825186+00:00
2090907,12,Men 40-44,95,1095,95.0203,1084,1114,200,cache,Clean & Jerk 1RM,"300
                                       lb",300,lb,136.1,,2026-07-12T17:16:21.825186+00:00
2090907,12,Men 40-44,95,1095,95.0203,1084,1114,200,cache,Deadlift 1RM,"510
                                       lb",510,lb,231.3,,2026-07-12T17:16:21.825186+00:00
2090907,12,Men 40-44,95,1095,95.0203,1084,1114,200,cache,Squat Snatch 1RM,"240
                                       lb",240,lb,108.9,,2026-07-12T17:16:21.825186+00:00
348920,12,Men 40-44,95,1099,95.0020,1084,1114,200,cache,Back Squat 1RM,"405
                                       lb",405,lb,183.7,,2026-07-12T17:16:21.825186+00:00
348920,12,Men 40-44,95,1099,95.0020,1084,1114,200,cache,Clean & Jerk 1RM,"285
                                       lb",285,lb,129.3,,2026-07-12T17:16:21.825186+00:00
348920,12,Men 40-44,95,1099,95.0020,1084,1114,200,cache,Deadlift 1RM,"550
                                       lb",550,lb,249.5,,2026-07-12T17:16:21.825186+00:00
348920,12,Men 40-44,95,1099,95.0020,1084,1114,200,cache,Front Squat 1RM,"350
                                       lb",350,lb,158.8,,2026-07-12T17:16:21.825186+00:00
348920,12,Men 40-44,95,1099,95.0020,1084,1114,200,cache,Gwen,"155
                                       lb",155,lb,70.3,,2026-07-12T17:16:21.825186+00:00
348920,12,Men 40-44,95,1099,95.0020,1084,1114,200,cache,Squat Snatch 1RM,"215
                                       lb",215,lb,97.5,,2026-07-12T17:16:21.825186+00:00
348920,12,Men 40-44,95,1099,95.0020,1084,1114,200,cache,Weighted Pull-up 1RM,"90
                                       lb",90,lb,40.8,,2026-07-12T17:16:21.825186+00:00
499772,12,Men 40-44,95,1100,94.9975,1084,1114,200,cache,Back Squat 1RM,"295
                                       lb",295,lb,133.8,,2026-07-12T17:16:21.825186+00:00
499772,12,Men 40-44,95,1100,94.9975,1084,1114,200,cache,Clean & Jerk 1RM,"235
                                       lb",235,lb,106.6,,2026-07-12T17:16:21.825186+00:00
499772,12,Men 40-44,95,1100,94.9975,1084,1114,200,cache,Deadlift 1RM,"405
                                       lb",405,lb,183.7,,2026-07-12T17:16:21.825186+00:00
499772,12,Men 40-44,95,1100,94.9975,1084,1114,200,cache,Pull-ups,"17
                                       reps",17,reps,,,2026-07-12T17:16:21.825186+00:00
499772,12,Men 40-44,95,1100,94.9975,1084,1114,200,cache,Run 5k,16:00,,,,960,2026-07-12T17:16:21.825186+00:00
499772,12,Men 40-44,95,1100,94.9975,1084,1114,200,cache,Squat Snatch 1RM,"155
                                       lb",155,lb,70.3,,2026-07-12T17:16:21.825186+00:00
649557,12,Men 40-44,95,1105,94.9747,1084,1114,200,cache,Back Squat 1RM,"376
                                       lb",376,lb,170.6,,2026-07-12T17:16:21.825186+00:00
649557,12,Men 40-44,95,1105,94.9747,1084,1114,200,cache,Bench Press 1RM,"265
                                       lb",265,lb,120.2,,2026-07-12T17:16:21.825186+00:00
649557,12,Men 40-44,95,1105,94.9747,1084,1114,200,cache,Clean & Jerk 1RM,"275
                                       lb",275,lb,124.7,,2026-07-12T17:16:21.825186+00:00
649557,12,Men 40-44,95,1105,94.9747,1084,1114,200,cache,Deadlift 1RM,"400
                                       lb",400,lb,181.4,,2026-07-12T17:16:21.825186+00:00
649557,12,Men 40-44,95,1105,94.9747,1084,1114,200,cache,Fran,03:48,,,,228,2026-07-12T17:16:21.825186+00:00
649557,12,Men 40-44,95,1105,94.9747,1084,1114,200,cache,Pull-ups,"30
                                       reps",30,reps,,,2026-07-12T17:16:21.825186+00:00
649557,12,Men 40-44,95,1105,94.9747,1084,1114,200,cache,Squat Snatch 1RM,"225
                                       lb",225,lb,102.1,,2026-07-12T17:16:21.825186+00:00
1754024,12,Men 40-44,95,1106,94.9702,1084,1114,200,cache,Deadlift 1RM,"475
                                       lb",475,lb,215.5,,2026-07-12T17:16:21.825186+00:00
1754024,12,Men 40-44,95,1106,94.9702,1084,1114,200,cache,Run 400m,00:59,,,,59,2026-07-12T17:16:21.825186+00:00
679314,12,Men 40-44,95,1108,94.9611,1084,1114,200,cache,Back Squat 1RM,"300
                                       kg",300,kg,300.0,,2026-07-12T17:16:21.825186+00:00
679314,12,Men 40-44,95,1108,94.9611,1084,1114,200,cache,Clean & Jerk 1RM,"130
                                       kg",130,kg,130.0,,2026-07-12T17:16:21.825186+00:00
679314,12,Men 40-44,95,1108,94.9611,1084,1114,200,cache,Deadlift 1RM,"290
                                       kg",290,kg,290.0,,2026-07-12T17:16:21.825186+00:00
679314,12,Men 40-44,95,1108,94.9611,1084,1114,200,cache,Fran,02:30,,,,150,2026-07-12T17:16:21.825186+00:00
679314,12,Men 40-44,95,1108,94.9611,1084,1114,200,cache,Pull-ups,"40
                                       reps",40,reps,,,2026-07-12T17:16:21.825186+00:00
679314,12,Men 40-44,95,1108,94.9611,1084,1114,200,cache,Squat Snatch 1RM,"100
                                       kg",100,kg,100.0,,2026-07-12T17:16:21.825186+00:00
1284570,12,Men 40-44,95,1109,94.9565,1084,1114,200,cache,Back Squat 1RM,"363
                                       lb",363,lb,164.7,,2026-07-12T17:16:21.825186+00:00
1284570,12,Men 40-44,95,1109,94.9565,1084,1114,200,cache,Bench Press 1RM,"275
                                       lb",275,lb,124.7,,2026-07-12T17:16:21.825186+00:00
1284570,12,Men 40-44,95,1109,94.9565,1084,1114,200,cache,CHAD1000x,53:10,,,,3190,2026-07-12T17:16:21.825186+00:00
1284570,12,Men 40-44,95,1109,94.9565,1084,1114,200,cache,Clean & Jerk 1RM,"260
                                       lb",260,lb,117.9,,2026-07-12T17:16:21.825186+00:00
1284570,12,Men 40-44,95,1109,94.9565,1084,1114,200,cache,Deadlift 1RM,"425
                                       lb",425,lb,192.8,,2026-07-12T17:16:21.825186+00:00
1284570,12,Men 40-44,95,1109,94.9565,1084,1114,200,cache,Fight Gone Bad,"248
                                       reps",248,reps,,,2026-07-12T17:16:21.825186+00:00
1284570,12,Men 40-44,95,1109,94.9565,1084,1114,200,cache,Fran,06:05,,,,365,2026-07-12T17:16:21.825186+00:00
1284570,12,Men 40-44,95,1109,94.9565,1084,1114,200,cache,Front Squat 1RM,"305
                                       lb",305,lb,138.3,,2026-07-12T17:16:21.825186+00:00
1284570,12,Men 40-44,95,1109,94.9565,1084,1114,200,cache,Grace,02:58,,,,178,2026-07-12T17:16:21.825186+00:00
1284570,12,Men 40-44,95,1109,94.9565,1084,1114,200,cache,Pull-ups,"20
                                       reps",20,reps,,,2026-07-12T17:16:21.825186+00:00
1284570,12,Men 40-44,95,1109,94.9565,1084,1114,200,cache,Run 5k,27:00,,,,1620,2026-07-12T17:16:21.825186+00:00
1284570,12,Men 40-44,95,1109,94.9565,1084,1114,200,cache,Squat Snatch 1RM,"200
                                       lb",200,lb,90.7,,2026-07-12T17:16:21.825186+00:00
1984386,12,Men 40-44,95,1110,94.9520,1084,1114,200,cache,CHAD1000x,58:27,,,,3507,2026-07-12T17:16:21.825186+00:00
2175678,12,Men 40-44,95,1111,94.9474,1084,1114,200,cache,CHAD1000x,56:03,,,,3363,2026-07-12T17:16:21.825186+00:00
2175678,12,Men 40-44,95,1111,94.9474,1084,1114,200,cache,Clean & Jerk 1RM,"245
                                       lb",245,lb,111.1,,2026-07-12T17:16:21.825186+00:00
2175678,12,Men 40-44,95,1111,94.9474,1084,1114,200,cache,Deadlift 1RM,"400
                                       lb",400,lb,181.4,,2026-07-12T17:16:21.825186+00:00
2175678,12,Men 40-44,95,1111,94.9474,1084,1114,200,cache,Front Squat 1RM,"305
                                       lb",305,lb,138.3,,2026-07-12T17:16:21.825186+00:00
2175678,12,Men 40-44,95,1111,94.9474,1084,1114,200,cache,Split Jerk 1RM,"265
                                       lb",265,lb,120.2,,2026-07-12T17:16:21.825186+00:00
2175678,12,Men 40-44,95,1111,94.9474,1084,1114,200,cache,Squat Snatch 1RM,"195
                                       lb",195,lb,88.5,,2026-07-12T17:16:21.825186+00:00
2175678,12,Men 40-44,95,1111,94.9474,1084,1114,200,cache,Thruster 1RM,"215
                                       lb",215,lb,97.5,,2026-07-12T17:16:21.825186+00:00
808383,12,Men 40-44,95,1112,94.9429,1084,1114,200,cache,Back Squat 1RM,"425
                                       lb",425,lb,192.8,,2026-07-12T17:16:21.825186+00:00
808383,12,Men 40-44,95,1112,94.9429,1084,1114,200,cache,Clean & Jerk 1RM,"295
                                       lb",295,lb,133.8,,2026-07-12T17:16:21.825186+00:00
808383,12,Men 40-44,95,1112,94.9429,1084,1114,200,cache,Deadlift 1RM,"505
                                       lb",505,lb,229.1,,2026-07-12T17:16:21.825186+00:00
808383,12,Men 40-44,95,1112,94.9429,1084,1114,200,cache,Fran,02:59,,,,179,2026-07-12T17:16:21.825186+00:00
808383,12,Men 40-44,95,1112,94.9429,1084,1114,200,cache,Squat Snatch 1RM,"245
                                       lb",245,lb,111.1,,2026-07-12T17:16:21.825186+00:00
1337894,12,Men 40-44,95,1113,94.9383,1084,1114,200,cache,Back Squat 1RM,"345
                                       lb",345,lb,156.5,,2026-07-12T17:16:21.825186+00:00
1337894,12,Men 40-44,95,1113,94.9383,1084,1114,200,cache,Clean & Jerk 1RM,"285
                                       lb",285,lb,129.3,,2026-07-12T17:16:21.825186+00:00
1337894,12,Men 40-44,95,1113,94.9383,1084,1114,200,cache,Deadlift 1RM,"485
                                       lb",485,lb,220.0,,2026-07-12T17:16:21.825186+00:00
1337894,12,Men 40-44,95,1113,94.9383,1084,1114,200,cache,Grace,02:29,,,,149,2026-07-12T17:16:21.825186+00:00
1337894,12,Men 40-44,95,1113,94.9383,1084,1114,200,cache,Squat Snatch 1RM,"235
                                       lb",235,lb,106.6,,2026-07-12T17:16:21.825186+00:00
1191692,12,Men 40-44,95,1114,94.9338,1084,1114,200,cache,Back Squat 1RM,"435
                                       lb",435,lb,197.3,,2026-07-12T17:16:21.825186+00:00
1191692,12,Men 40-44,95,1114,94.9338,1084,1114,200,cache,Clean & Jerk 1RM,"245
                                       lb",245,lb,111.1,,2026-07-12T17:16:21.825186+00:00
1191692,12,Men 40-44,95,1114,94.9338,1084,1114,200,cache,Deadlift 1RM,"545
                                       lb",545,lb,247.2,,2026-07-12T17:16:21.825186+00:00
1191692,12,Men 40-44,95,1114,94.9338,1084,1114,200,cache,Fight Gone Bad,"314
                                       reps",314,reps,,,2026-07-12T17:16:21.825186+00:00
1191692,12,Men 40-44,95,1114,94.9338,1084,1114,200,cache,Filthy 50,22:58,,,,1378,2026-07-12T17:16:21.825186+00:00
1191692,12,Men 40-44,95,1114,94.9338,1084,1114,200,cache,Fran,03:13,,,,193,2026-07-12T17:16:21.825186+00:00
1191692,12,Men 40-44,95,1114,94.9338,1084,1114,200,cache,Grace,05:09,,,,309,2026-07-12T17:16:21.825186+00:00
1191692,12,Men 40-44,95,1114,94.9338,1084,1114,200,cache,Helen,10:08,,,,608,2026-07-12T17:16:21.825186+00:00
1191692,12,Men 40-44,95,1114,94.9338,1084,1114,200,cache,Pull-ups,"44
                                       reps",44,reps,,,2026-07-12T17:16:21.825186+00:00
1191692,12,Men 40-44,95,1114,94.9338,1084,1114,200,cache,Run 400m,01:15,,,,75,2026-07-12T17:16:21.825186+00:00
1191692,12,Men 40-44,95,1114,94.9338,1084,1114,200,cache,Run 5k,21:18,,,,1278,2026-07-12T17:16:21.825186+00:00
1191692,12,Men 40-44,95,1114,94.9338,1084,1114,200,cache,Squat Snatch 1RM,"190
                                       lb",190,lb,86.2,,2026-07-12T17:16:21.825186+00:00
465862,12,Men 40-44,99,205,99.0714,205,235,200,cache,Back Squat 1RM,"507
                                       lb",507,lb,230.0,,2026-07-12T17:16:21.825186+00:00
465862,12,Men 40-44,99,205,99.0714,205,235,200,cache,Clean & Jerk 1RM,"335
                                       lb",335,lb,152.0,,2026-07-12T17:16:21.825186+00:00
465862,12,Men 40-44,99,205,99.0714,205,235,200,cache,Deadlift 1RM,"555
                                       lb",555,lb,251.7,,2026-07-12T17:16:21.825186+00:00
465862,12,Men 40-44,99,205,99.0714,205,235,200,cache,Fran,02:46,,,,166,2026-07-12T17:16:21.825186+00:00
465862,12,Men 40-44,99,205,99.0714,205,235,200,cache,Grace,01:30,,,,90,2026-07-12T17:16:21.825186+00:00
465862,12,Men 40-44,99,205,99.0714,205,235,200,cache,Pull-ups,"50
                                       reps",50,reps,,,2026-07-12T17:16:21.825186+00:00
465862,12,Men 40-44,99,205,99.0714,205,235,200,cache,Squat Snatch 1RM,"270
                                       lb",270,lb,122.5,,2026-07-12T17:16:21.825186+00:00
2391210,12,Men 40-44,99,207,99.0623,205,235,200,cache,Back Squat 1RM,"170
                                       kg",170,kg,170.0,,2026-07-12T17:16:21.825186+00:00
2391210,12,Men 40-44,99,207,99.0623,205,235,200,cache,Back Squat 3RM,"152
                                       kg",152,kg,152.0,,2026-07-12T17:16:21.825186+00:00
2391210,12,Men 40-44,99,207,99.0623,205,235,200,cache,Clean & Jerk 1RM,"115
                                       kg",115,kg,115.0,,2026-07-12T17:16:21.825186+00:00
2391210,12,Men 40-44,99,207,99.0623,205,235,200,cache,Deadlift 1RM,"226
                                       kg",226,kg,226.0,,2026-07-12T17:16:21.825186+00:00
2391210,12,Men 40-44,99,207,99.0623,205,235,200,cache,Deadlift 5RM,"191
                                       kg",191,kg,191.0,,2026-07-12T17:16:21.825186+00:00
2391210,12,Men 40-44,99,207,99.0623,205,235,200,cache,Fran,03:52,,,,232,2026-07-12T17:16:21.825186+00:00
2391210,12,Men 40-44,99,207,99.0623,205,235,200,cache,Front Squat 1RM,"150
                                       kg",150,kg,150.0,,2026-07-12T17:16:21.825186+00:00
2391210,12,Men 40-44,99,207,99.0623,205,235,200,cache,Grace,02:06,,,,126,2026-07-12T17:16:21.825186+00:00
2391210,12,Men 40-44,99,207,99.0623,205,235,200,cache,Hang Power Clean 1RM,"115
                                       kg",115,kg,115.0,,2026-07-12T17:16:21.825186+00:00
2391210,12,Men 40-44,99,207,99.0623,205,235,200,cache,Hang Squat Clean 1RM,"120
                                       kg",120,kg,120.0,,2026-07-12T17:16:21.825186+00:00
2391210,12,Men 40-44,99,207,99.0623,205,235,200,cache,Hang Squat Snatch 1RM,"95
                                       kg",95,kg,95.0,,2026-07-12T17:16:21.825186+00:00
2391210,12,Men 40-44,99,207,99.0623,205,235,200,cache,Murph,49:22,,,,2962,2026-07-12T17:16:21.825186+00:00
2391210,12,Men 40-44,99,207,99.0623,205,235,200,cache,Power Clean 1RM,"120
                                       kg",120,kg,120.0,,2026-07-12T17:16:21.825186+00:00
2391210,12,Men 40-44,99,207,99.0623,205,235,200,cache,Power Snatch 1RM,"87
                                       kg",87,kg,87.0,,2026-07-12T17:16:21.825186+00:00
2391210,12,Men 40-44,99,207,99.0623,205,235,200,cache,Run 400m,01:12,,,,72,2026-07-12T17:16:21.825186+00:00
2391210,12,Men 40-44,99,207,99.0623,205,235,200,cache,Run 5k,18:43,,,,1123,2026-07-12T17:16:21.825186+00:00
2391210,12,Men 40-44,99,207,99.0623,205,235,200,cache,Squat Clean 1RM,"126
                                       kg",126,kg,126.0,,2026-07-12T17:16:21.825186+00:00
2391210,12,Men 40-44,99,207,99.0623,205,235,200,cache,Squat Snatch 1RM,"93
                                       kg",93,kg,93.0,,2026-07-12T17:16:21.825186+00:00
2634621,12,Men 40-44,99,208,99.0578,205,235,200,cache,Back Squat 1RM,"220
                                       kg",220,kg,220.0,,2026-07-12T17:16:21.825186+00:00
2634621,12,Men 40-44,99,208,99.0578,205,235,200,cache,Bench Press 1RM,"125
                                       kg",125,kg,125.0,,2026-07-12T17:16:21.825186+00:00
2634621,12,Men 40-44,99,208,99.0578,205,235,200,cache,Clean & Jerk 1RM,"135
                                       kg",135,kg,135.0,,2026-07-12T17:16:21.825186+00:00
2634621,12,Men 40-44,99,208,99.0578,205,235,200,cache,Deadlift 1RM,"240
                                       kg",240,kg,240.0,,2026-07-12T17:16:21.825186+00:00
2634621,12,Men 40-44,99,208,99.0578,205,235,200,cache,Front Squat 1RM,"180
                                       kg",180,kg,180.0,,2026-07-12T17:16:21.825186+00:00
2634621,12,Men 40-44,99,208,99.0578,205,235,200,cache,Hang Power Clean 1RM,"125
                                       kg",125,kg,125.0,,2026-07-12T17:16:21.825186+00:00
2634621,12,Men 40-44,99,208,99.0578,205,235,200,cache,Hang Power Snatch 1RM,"90
                                       kg",90,kg,90.0,,2026-07-12T17:16:21.825186+00:00
2634621,12,Men 40-44,99,208,99.0578,205,235,200,cache,Overhead Squat 1RM,"100
                                       kg",100,kg,100.0,,2026-07-12T17:16:21.825186+00:00
2634621,12,Men 40-44,99,208,99.0578,205,235,200,cache,Power Clean 1RM,"130
                                       kg",130,kg,130.0,,2026-07-12T17:16:21.825186+00:00
2634621,12,Men 40-44,99,208,99.0578,205,235,200,cache,Power Snatch 1RM,"90
                                       kg",90,kg,90.0,,2026-07-12T17:16:21.825186+00:00
2634621,12,Men 40-44,99,208,99.0578,205,235,200,cache,Push Jerk 1RM,"135
                                       kg",135,kg,135.0,,2026-07-12T17:16:21.825186+00:00
2634621,12,Men 40-44,99,208,99.0578,205,235,200,cache,Push Press 1RM,"120
                                       kg",120,kg,120.0,,2026-07-12T17:16:21.825186+00:00
2634621,12,Men 40-44,99,208,99.0578,205,235,200,cache,Shoulder Press 1RM,"90
                                       kg",90,kg,90.0,,2026-07-12T17:16:21.825186+00:00
2634621,12,Men 40-44,99,208,99.0578,205,235,200,cache,Split Jerk 1RM,"135
                                       kg",135,kg,135.0,,2026-07-12T17:16:21.825186+00:00
2634621,12,Men 40-44,99,208,99.0578,205,235,200,cache,Squat Clean 1RM,"140
                                       kg",140,kg,140.0,,2026-07-12T17:16:21.825186+00:00
2634621,12,Men 40-44,99,208,99.0578,205,235,200,cache,Squat Snatch 1RM,"100
                                       kg",100,kg,100.0,,2026-07-12T17:16:21.825186+00:00
2634621,12,Men 40-44,99,208,99.0578,205,235,200,cache,Thruster 1RM,"120
                                       kg",120,kg,120.0,,2026-07-12T17:16:21.825186+00:00
2634621,12,Men 40-44,99,208,99.0578,205,235,200,cache,Weighted Pull-up 1RM,"45
                                       kg",45,kg,45.0,,2026-07-12T17:16:21.825186+00:00
1189381,12,Men 40-44,99,209,99.0532,205,235,200,cache,Back Squat 1RM,"425
                                       lb",425,lb,192.8,,2026-07-12T17:16:21.825186+00:00
1189381,12,Men 40-44,99,209,99.0532,205,235,200,cache,Clean & Jerk 1RM,"320
                                       lb",320,lb,145.1,,2026-07-12T17:16:21.825186+00:00
1189381,12,Men 40-44,99,209,99.0532,205,235,200,cache,Deadlift 1RM,"460
                                       lb",460,lb,208.7,,2026-07-12T17:16:21.825186+00:00
1189381,12,Men 40-44,99,209,99.0532,205,235,200,cache,Front Squat 1RM,"385
                                       lb",385,lb,174.6,,2026-07-12T17:16:21.825186+00:00
1189381,12,Men 40-44,99,209,99.0532,205,235,200,cache,Power Clean 1RM,"295
                                       lb",295,lb,133.8,,2026-07-12T17:16:21.825186+00:00
1189381,12,Men 40-44,99,209,99.0532,205,235,200,cache,Power Snatch 1RM,"225
                                       lb",225,lb,102.1,,2026-07-12T17:16:21.825186+00:00
1189381,12,Men 40-44,99,209,99.0532,205,235,200,cache,Squat Clean 1RM,"325
                                       lb",325,lb,147.4,,2026-07-12T17:16:21.825186+00:00
1189381,12,Men 40-44,99,209,99.0532,205,235,200,cache,Squat Snatch 1RM,"255
                                       lb",255,lb,115.7,,2026-07-12T17:16:21.825186+00:00
589314,12,Men 40-44,99,210,99.0487,205,235,200,cache,Back Squat 1RM,"160
                                       kg",160,kg,160.0,,2026-07-12T17:16:21.825186+00:00
589314,12,Men 40-44,99,210,99.0487,205,235,200,cache,Clean & Jerk 1RM,"125
                                       kg",125,kg,125.0,,2026-07-12T17:16:21.825186+00:00
589314,12,Men 40-44,99,210,99.0487,205,235,200,cache,Deadlift 1RM,"180
                                       kg",180,kg,180.0,,2026-07-12T17:16:21.825186+00:00
589314,12,Men 40-44,99,210,99.0487,205,235,200,cache,Fran,02:26,,,,146,2026-07-12T17:16:21.825186+00:00
589314,12,Men 40-44,99,210,99.0487,205,235,200,cache,Run 400m,51:13,,,,3073,2026-07-12T17:16:21.825186+00:00
589314,12,Men 40-44,99,210,99.0487,205,235,200,cache,Run 5k,18:50,,,,1130,2026-07-12T17:16:21.825186+00:00
589314,12,Men 40-44,99,210,99.0487,205,235,200,cache,Squat Snatch 1RM,"106
                                       kg",106,kg,106.0,,2026-07-12T17:16:21.825186+00:00
881406,12,Men 40-44,99,211,99.0441,205,235,200,cache,Back Squat 1RM,"440
                                       lb",440,lb,199.6,,2026-07-12T17:16:21.825186+00:00
881406,12,Men 40-44,99,211,99.0441,205,235,200,cache,Bench Press 1RM,"305
                                       lb",305,lb,138.3,,2026-07-12T17:16:21.825186+00:00
881406,12,Men 40-44,99,211,99.0441,205,235,200,cache,Clean & Jerk 1RM,"315
                                       lb",315,lb,142.9,,2026-07-12T17:16:21.825186+00:00
881406,12,Men 40-44,99,211,99.0441,205,235,200,cache,Deadlift 1RM,"532
                                       lb",532,lb,241.3,,2026-07-12T17:16:21.825186+00:00
881406,12,Men 40-44,99,211,99.0441,205,235,200,cache,Front Squat 1RM,"365
                                       lb",365,lb,165.6,,2026-07-12T17:16:21.825186+00:00
881406,12,Men 40-44,99,211,99.0441,205,235,200,cache,Power Clean 1RM,"305
                                       lb",305,lb,138.3,,2026-07-12T17:16:21.825186+00:00
881406,12,Men 40-44,99,211,99.0441,205,235,200,cache,Power Snatch 1RM,"235
                                       lb",235,lb,106.6,,2026-07-12T17:16:21.825186+00:00
881406,12,Men 40-44,99,211,99.0441,205,235,200,cache,Run 5k,21:21,,,,1281,2026-07-12T17:16:21.825186+00:00
881406,12,Men 40-44,99,211,99.0441,205,235,200,cache,Squat Snatch 1RM,"255
                                       lb",255,lb,115.7,,2026-07-12T17:16:21.825186+00:00
2492572,12,Men 40-44,99,212,99.0396,205,235,200,cache,Back Squat 1RM,"200
                                       kg",200,kg,200.0,,2026-07-12T17:16:21.825186+00:00
2492572,12,Men 40-44,99,212,99.0396,205,235,200,cache,Clean & Jerk 1RM,"139
                                       kg",139,kg,139.0,,2026-07-12T17:16:21.825186+00:00
2492572,12,Men 40-44,99,212,99.0396,205,235,200,cache,Deadlift 1RM,"220
                                       kg",220,kg,220.0,,2026-07-12T17:16:21.825186+00:00
2492572,12,Men 40-44,99,212,99.0396,205,235,200,cache,Front Squat 1RM,"169
                                       kg",169,kg,169.0,,2026-07-12T17:16:21.825186+00:00
2492572,12,Men 40-44,99,212,99.0396,205,235,200,cache,Run 5k,21:45,,,,1305,2026-07-12T17:16:21.825186+00:00
2492572,12,Men 40-44,99,212,99.0396,205,235,200,cache,Squat Snatch 1RM,"102
                                       kg",102,kg,102.0,,2026-07-12T17:16:21.825186+00:00
1757278,12,Men 40-44,99,215,99.0259,205,235,200,cache,Back Squat 3RM,"365
                                       lb",365,lb,165.6,,2026-07-12T17:16:21.825186+00:00
1757278,12,Men 40-44,99,215,99.0259,205,235,200,cache,Deadlift 1RM,"445
                                       lb",445,lb,201.8,,2026-07-12T17:16:21.825186+00:00
115897,12,Men 40-44,99,217,99.0168,205,235,200,cache,Back Squat 1RM,"430
                                       lb",430,lb,195.0,,2026-07-12T17:16:21.825186+00:00
115897,12,Men 40-44,99,217,99.0168,205,235,200,cache,Clean & Jerk 1RM,"320
                                       lb",320,lb,145.1,,2026-07-12T17:16:21.825186+00:00
115897,12,Men 40-44,99,217,99.0168,205,235,200,cache,Deadlift 1RM,"500
                                       lb",500,lb,226.8,,2026-07-12T17:16:21.825186+00:00
115897,12,Men 40-44,99,217,99.0168,205,235,200,cache,Fight Gone Bad,"425
                                       reps",425,reps,,,2026-07-12T17:16:21.825186+00:00
115897,12,Men 40-44,99,217,99.0168,205,235,200,cache,Fran,02:24,,,,144,2026-07-12T17:16:21.825186+00:00
115897,12,Men 40-44,99,217,99.0168,205,235,200,cache,Grace,01:37,,,,97,2026-07-12T17:16:21.825186+00:00
115897,12,Men 40-44,99,217,99.0168,205,235,200,cache,Helen,07:39,,,,459,2026-07-12T17:16:21.825186+00:00
115897,12,Men 40-44,99,217,99.0168,205,235,200,cache,Pull-ups,"53
                                       reps",53,reps,,,2026-07-12T17:16:21.825186+00:00
115897,12,Men 40-44,99,217,99.0168,205,235,200,cache,Run 5k,20:19,,,,1219,2026-07-12T17:16:21.825186+00:00
115897,12,Men 40-44,99,217,99.0168,205,235,200,cache,Squat Snatch 1RM,"260
                                       lb",260,lb,117.9,,2026-07-12T17:16:21.825186+00:00
432407,12,Men 40-44,99,218,99.0122,205,235,200,cache,30 Muscle-ups For Time,02:43,,,,163,2026-07-12T17:16:21.825186+00:00
432407,12,Men 40-44,99,218,99.0122,205,235,200,cache,Back Squat 1RM,"415
                                       lb",415,lb,188.2,,2026-07-12T17:16:21.825186+00:00
432407,12,Men 40-44,99,218,99.0122,205,235,200,cache,Bench Press 1RM,"265
                                       lb",265,lb,120.2,,2026-07-12T17:16:21.825186+00:00
432407,12,Men 40-44,99,218,99.0122,205,235,200,cache,Clean & Jerk 1RM,"270
                                       lb",270,lb,122.5,,2026-07-12T17:16:21.825186+00:00
432407,12,Men 40-44,99,218,99.0122,205,235,200,cache,Deadlift 1RM,"460
                                       lb",460,lb,208.7,,2026-07-12T17:16:21.825186+00:00
432407,12,Men 40-44,99,218,99.0122,205,235,200,cache,Fran,02:45,,,,165,2026-07-12T17:16:21.825186+00:00
432407,12,Men 40-44,99,218,99.0122,205,235,200,cache,Front Squat 1RM,"365
                                       lb",365,lb,165.6,,2026-07-12T17:16:21.825186+00:00
432407,12,Men 40-44,99,218,99.0122,205,235,200,cache,Hang Power Clean 1RM,"240
                                       lb",240,lb,108.9,,2026-07-12T17:16:21.825186+00:00
432407,12,Men 40-44,99,218,99.0122,205,235,200,cache,Hang Power Snatch 1RM,"175
                                       lb",175,lb,79.4,,2026-07-12T17:16:21.825186+00:00
432407,12,Men 40-44,99,218,99.0122,205,235,200,cache,Hang Squat Clean 1RM,"275
                                       lb",275,lb,124.7,,2026-07-12T17:16:21.825186+00:00
432407,12,Men 40-44,99,218,99.0122,205,235,200,cache,Hang Squat Snatch 1RM,"195
                                       lb",195,lb,88.5,,2026-07-12T17:16:21.825186+00:00
432407,12,Men 40-44,99,218,99.0122,205,235,200,cache,Helen,05:20,,,,320,2026-07-12T17:16:21.825186+00:00
432407,12,Men 40-44,99,218,99.0122,205,235,200,cache,Overhead Squat 1RM,"225
                                       lb",225,lb,102.1,,2026-07-12T17:16:21.825186+00:00
432407,12,Men 40-44,99,218,99.0122,205,235,200,cache,Power Clean 1RM,"255
                                       lb",255,lb,115.7,,2026-07-12T17:16:21.825186+00:00
432407,12,Men 40-44,99,218,99.0122,205,235,200,cache,Power Snatch 1RM,"175
                                       lb",175,lb,79.4,,2026-07-12T17:16:21.825186+00:00
432407,12,Men 40-44,99,218,99.0122,205,235,200,cache,Push Press 1RM,"245
                                       lb",245,lb,111.1,,2026-07-12T17:16:21.825186+00:00
432407,12,Men 40-44,99,218,99.0122,205,235,200,cache,Run 5k,19:51,,,,1191,2026-07-12T17:16:21.825186+00:00
432407,12,Men 40-44,99,218,99.0122,205,235,200,cache,Shoulder Press 1RM,"170
                                       lb",170,lb,77.1,,2026-07-12T17:16:21.825186+00:00
432407,12,Men 40-44,99,218,99.0122,205,235,200,cache,Squat Clean 1RM,"310
                                       lb",310,lb,140.6,,2026-07-12T17:16:21.825186+00:00
432407,12,Men 40-44,99,218,99.0122,205,235,200,cache,Squat Snatch 1RM,"220
                                       lb",220,lb,99.8,,2026-07-12T17:16:21.825186+00:00
275126,12,Men 40-44,99,219,99.0077,205,235,200,cache,Back Squat 1RM,"160
                                       kg",160,kg,160.0,,2026-07-12T17:16:21.825186+00:00
275126,12,Men 40-44,99,219,99.0077,205,235,200,cache,Clean & Jerk 1RM,"128
                                       kg",128,kg,128.0,,2026-07-12T17:16:21.825186+00:00
275126,12,Men 40-44,99,219,99.0077,205,235,200,cache,Deadlift 1RM,"220
                                       kg",220,kg,220.0,,2026-07-12T17:16:21.825186+00:00
275126,12,Men 40-44,99,219,99.0077,205,235,200,cache,Fight Gone Bad,"320
                                       reps",320,reps,,,2026-07-12T17:16:21.825186+00:00
275126,12,Men 40-44,99,219,99.0077,205,235,200,cache,Fran,02:20,,,,140,2026-07-12T17:16:21.825186+00:00
275126,12,Men 40-44,99,219,99.0077,205,235,200,cache,Grace,01:30,,,,90,2026-07-12T17:16:21.825186+00:00
275126,12,Men 40-44,99,219,99.0077,205,235,200,cache,Pull-ups,"55
                                       reps",55,reps,,,2026-07-12T17:16:21.825186+00:00
275126,12,Men 40-44,99,219,99.0077,205,235,200,cache,Run 5k,21:00,,,,1260,2026-07-12T17:16:21.825186+00:00
275126,12,Men 40-44,99,219,99.0077,205,235,200,cache,Squat Snatch 1RM,"100
                                       kg",100,kg,100.0,,2026-07-12T17:16:21.825186+00:00
124495,12,Men 40-44,99,220,99.0031,205,235,200,cache,Back Squat 1RM,"500
                                       lb",500,lb,226.8,,2026-07-12T17:16:21.825186+00:00
124495,12,Men 40-44,99,220,99.0031,205,235,200,cache,CHAD1000x,54:00,,,,3240,2026-07-12T17:16:21.825186+00:00
124495,12,Men 40-44,99,220,99.0031,205,235,200,cache,Clean & Jerk 1RM,"340
                                       lb",340,lb,154.2,,2026-07-12T17:16:21.825186+00:00
124495,12,Men 40-44,99,220,99.0031,205,235,200,cache,Deadlift 1RM,"570
                                       lb",570,lb,258.5,,2026-07-12T17:16:21.825186+00:00
124495,12,Men 40-44,99,220,99.0031,205,235,200,cache,Fight Gone Bad,"407
                                       reps",407,reps,,,2026-07-12T17:16:21.825186+00:00
124495,12,Men 40-44,99,220,99.0031,205,235,200,cache,Fran,02:08,,,,128,2026-07-12T17:16:21.825186+00:00
124495,12,Men 40-44,99,220,99.0031,205,235,200,cache,Grace,01:19,,,,79,2026-07-12T17:16:21.825186+00:00
124495,12,Men 40-44,99,220,99.0031,205,235,200,cache,Squat Snatch 1RM,"285
                                       lb",285,lb,129.3,,2026-07-12T17:16:21.825186+00:00
66149,12,Men 40-44,99,221,98.9986,205,235,200,cache,Murph,48:25,,,,2905,2026-07-12T17:16:21.825186+00:00
238112,12,Men 40-44,99,222,98.9940,205,235,200,cache,Fran,02:39,,,,159,2026-07-12T17:16:21.825186+00:00
113934,12,Men 40-44,99,223,98.9895,205,235,200,cache,Back Squat 1RM,"520
                                       lb",520,lb,235.9,,2026-07-12T17:16:21.825186+00:00
113934,12,Men 40-44,99,223,98.9895,205,235,200,cache,Clean & Jerk 1RM,"315
                                       lb",315,lb,142.9,,2026-07-12T17:16:21.825186+00:00
113934,12,Men 40-44,99,223,98.9895,205,235,200,cache,Deadlift 1RM,"550
                                       lb",550,lb,249.5,,2026-07-12T17:16:21.825186+00:00
113934,12,Men 40-44,99,223,98.9895,205,235,200,cache,Fight Gone Bad,"398
                                       reps",398,reps,,,2026-07-12T17:16:21.825186+00:00
113934,12,Men 40-44,99,223,98.9895,205,235,200,cache,Fran,02:40,,,,160,2026-07-12T17:16:21.825186+00:00
113934,12,Men 40-44,99,223,98.9895,205,235,200,cache,Grace,01:38,,,,98,2026-07-12T17:16:21.825186+00:00
113934,12,Men 40-44,99,223,98.9895,205,235,200,cache,Squat Snatch 1RM,"225
                                       lb",225,lb,102.1,,2026-07-12T17:16:21.825186+00:00
100409,12,Men 40-44,99,224,98.9849,205,235,200,cache,Back Squat 1RM,"355
                                       lb",355,lb,161.0,,2026-07-12T17:16:21.825186+00:00
100409,12,Men 40-44,99,224,98.9849,205,235,200,cache,Deadlift 1RM,"500
                                       lb",500,lb,226.8,,2026-07-12T17:16:21.825186+00:00
100409,12,Men 40-44,99,224,98.9849,205,235,200,cache,Squat Snatch 1RM,"225
                                       lb",225,lb,102.1,,2026-07-12T17:16:21.825186+00:00
18342,12,Men 40-44,99,226,98.9758,205,235,200,cache,Back Squat 1RM,"390
                                       lb",390,lb,176.9,,2026-07-12T17:16:21.825186+00:00
18342,12,Men 40-44,99,226,98.9758,205,235,200,cache,Clean & Jerk 1RM,"285
                                       lb",285,lb,129.3,,2026-07-12T17:16:21.825186+00:00
18342,12,Men 40-44,99,226,98.9758,205,235,200,cache,Deadlift 1RM,"500
                                       lb",500,lb,226.8,,2026-07-12T17:16:21.825186+00:00
18342,12,Men 40-44,99,226,98.9758,205,235,200,cache,Filthy 50,18:06,,,,1086,2026-07-12T17:16:21.825186+00:00
18342,12,Men 40-44,99,226,98.9758,205,235,200,cache,Fran,02:21,,,,141,2026-07-12T17:16:21.825186+00:00
18342,12,Men 40-44,99,226,98.9758,205,235,200,cache,Grace,01:56,,,,116,2026-07-12T17:16:21.825186+00:00
18342,12,Men 40-44,99,226,98.9758,205,235,200,cache,Helen,08:20,,,,500,2026-07-12T17:16:21.825186+00:00
18342,12,Men 40-44,99,226,98.9758,205,235,200,cache,Pull-ups,"55
                                       reps",55,reps,,,2026-07-12T17:16:21.825186+00:00
18342,12,Men 40-44,99,226,98.9758,205,235,200,cache,Run 5k,21:50,,,,1310,2026-07-12T17:16:21.825186+00:00
18342,12,Men 40-44,99,226,98.9758,205,235,200,cache,Squat Snatch 1RM,"235
                                       lb",235,lb,106.6,,2026-07-12T17:16:21.825186+00:00
256607,12,Men 40-44,99,227,98.9713,205,235,200,cache,30 Muscle-ups For Time,03:05,,,,185,2026-07-12T17:16:21.825186+00:00
256607,12,Men 40-44,99,227,98.9713,205,235,200,cache,Back Squat 1RM,"425
                                       lb",425,lb,192.8,,2026-07-12T17:16:21.825186+00:00
256607,12,Men 40-44,99,227,98.9713,205,235,200,cache,Bench Press 1RM,"315
                                       lb",315,lb,142.9,,2026-07-12T17:16:21.825186+00:00
256607,12,Men 40-44,99,227,98.9713,205,235,200,cache,Clean & Jerk 1RM,"345
                                       lb",345,lb,156.5,,2026-07-12T17:16:21.825186+00:00
256607,12,Men 40-44,99,227,98.9713,205,235,200,cache,Deadlift 1RM,"505
                                       lb",505,lb,229.1,,2026-07-12T17:16:21.825186+00:00
256607,12,Men 40-44,99,227,98.9713,205,235,200,cache,Fran,02:10,,,,130,2026-07-12T17:16:21.825186+00:00
256607,12,Men 40-44,99,227,98.9713,205,235,200,cache,Front Squat 1RM,"385
                                       lb",385,lb,174.6,,2026-07-12T17:16:21.825186+00:00
256607,12,Men 40-44,99,227,98.9713,205,235,200,cache,Grace,01:20,,,,80,2026-07-12T17:16:21.825186+00:00
256607,12,Men 40-44,99,227,98.9713,205,235,200,cache,Hang Power Clean 1RM,"315
                                       lb",315,lb,142.9,,2026-07-12T17:16:21.825186+00:00
256607,12,Men 40-44,99,227,98.9713,205,235,200,cache,Hang Power Snatch 1RM,"250
                                       lb",250,lb,113.4,,2026-07-12T17:16:21.825186+00:00
256607,12,Men 40-44,99,227,98.9713,205,235,200,cache,Hang Squat Clean 1RM,"335
                                       lb",335,lb,152.0,,2026-07-12T17:16:21.825186+00:00
256607,12,Men 40-44,99,227,98.9713,205,235,200,cache,Hang Squat Snatch 1RM,"275
                                       lb",275,lb,124.7,,2026-07-12T17:16:21.825186+00:00
256607,12,Men 40-44,99,227,98.9713,205,235,200,cache,Overhead Squat 1RM,"310
                                       lb",310,lb,140.6,,2026-07-12T17:16:21.825186+00:00
256607,12,Men 40-44,99,227,98.9713,205,235,200,cache,Power Clean 1RM,"325
                                       lb",325,lb,147.4,,2026-07-12T17:16:21.825186+00:00
256607,12,Men 40-44,99,227,98.9713,205,235,200,cache,Power Snatch 1RM,"245
                                       lb",245,lb,111.1,,2026-07-12T17:16:21.825186+00:00
256607,12,Men 40-44,99,227,98.9713,205,235,200,cache,Pull-ups,"60
                                       reps",60,reps,,,2026-07-12T17:16:21.825186+00:00
256607,12,Men 40-44,99,227,98.9713,205,235,200,cache,Push Jerk 1RM,"315
                                       lb",315,lb,142.9,,2026-07-12T17:16:21.825186+00:00
256607,12,Men 40-44,99,227,98.9713,205,235,200,cache,Push Press 1RM,"290
                                       lb",290,lb,131.5,,2026-07-12T17:16:21.825186+00:00
256607,12,Men 40-44,99,227,98.9713,205,235,200,cache,Run 400m,01:05,,,,65,2026-07-12T17:16:21.825186+00:00
256607,12,Men 40-44,99,227,98.9713,205,235,200,cache,Run 5k,22:32,,,,1352,2026-07-12T17:16:21.825186+00:00
256607,12,Men 40-44,99,227,98.9713,205,235,200,cache,Shoulder Press 1RM,"210
                                       lb",210,lb,95.3,,2026-07-12T17:16:21.825186+00:00
256607,12,Men 40-44,99,227,98.9713,205,235,200,cache,Split Jerk 1RM,"350
                                       lb",350,lb,158.8,,2026-07-12T17:16:21.825186+00:00
256607,12,Men 40-44,99,227,98.9713,205,235,200,cache,Squat Clean 1RM,"360
                                       lb",360,lb,163.3,,2026-07-12T17:16:21.825186+00:00
256607,12,Men 40-44,99,227,98.9713,205,235,200,cache,Squat Snatch 1RM,"285
                                       lb",285,lb,129.3,,2026-07-12T17:16:21.825186+00:00
256607,12,Men 40-44,99,227,98.9713,205,235,200,cache,Thruster 1RM,"295
                                       lb",295,lb,133.8,,2026-07-12T17:16:21.825186+00:00
256607,12,Men 40-44,99,227,98.9713,205,235,200,cache,Weighted Pull-up 1RM,"150
                                       lb",150,lb,68.0,,2026-07-12T17:16:21.825186+00:00
690966,12,Men 40-44,99,229,98.9622,205,235,200,cache,Back Squat 1RM,"400
                                       lb",400,lb,181.4,,2026-07-12T17:16:21.825186+00:00
690966,12,Men 40-44,99,229,98.9622,205,235,200,cache,Clean & Jerk 1RM,"290
                                       lb",290,lb,131.5,,2026-07-12T17:16:21.825186+00:00
690966,12,Men 40-44,99,229,98.9622,205,235,200,cache,Deadlift 1RM,"485
                                       lb",485,lb,220.0,,2026-07-12T17:16:21.825186+00:00
690966,12,Men 40-44,99,229,98.9622,205,235,200,cache,Front Squat 1RM,"330
                                       lb",330,lb,149.7,,2026-07-12T17:16:21.825186+00:00
690966,12,Men 40-44,99,229,98.9622,205,235,200,cache,Overhead Squat 1RM,"290
                                       lb",290,lb,131.5,,2026-07-12T17:16:21.825186+00:00
690966,12,Men 40-44,99,229,98.9622,205,235,200,cache,Power Clean 1RM,"265
                                       lb",265,lb,120.2,,2026-07-12T17:16:21.825186+00:00
690966,12,Men 40-44,99,229,98.9622,205,235,200,cache,Power Snatch 1RM,"215
                                       lb",215,lb,97.5,,2026-07-12T17:16:21.825186+00:00
690966,12,Men 40-44,99,229,98.9622,205,235,200,cache,Push Jerk 1RM,"275
                                       lb",275,lb,124.7,,2026-07-12T17:16:21.825186+00:00
690966,12,Men 40-44,99,229,98.9622,205,235,200,cache,Push Press 1RM,"245
                                       lb",245,lb,111.1,,2026-07-12T17:16:21.825186+00:00
690966,12,Men 40-44,99,229,98.9622,205,235,200,cache,Shoulder Press 1RM,"180
                                       lb",180,lb,81.6,,2026-07-12T17:16:21.825186+00:00
690966,12,Men 40-44,99,229,98.9622,205,235,200,cache,Split Jerk 1RM,"305
                                       lb",305,lb,138.3,,2026-07-12T17:16:21.825186+00:00
690966,12,Men 40-44,99,229,98.9622,205,235,200,cache,Squat Snatch 1RM,"235
                                       lb",235,lb,106.6,,2026-07-12T17:16:21.825186+00:00
1300964,12,Men 40-44,99,230,98.9576,205,235,200,cache,Back Squat 1RM,"160
                                       kg",160,kg,160.0,,2026-07-12T17:16:21.825186+00:00
1300964,12,Men 40-44,99,230,98.9576,205,235,200,cache,Clean & Jerk 1RM,"120
                                       kg",120,kg,120.0,,2026-07-12T17:16:21.825186+00:00
1300964,12,Men 40-44,99,230,98.9576,205,235,200,cache,Deadlift 1RM,"210
                                       kg",210,kg,210.0,,2026-07-12T17:16:21.825186+00:00
1300964,12,Men 40-44,99,230,98.9576,205,235,200,cache,Fran,03:18,,,,198,2026-07-12T17:16:21.825186+00:00
1300964,12,Men 40-44,99,230,98.9576,205,235,200,cache,Grace,01:59,,,,119,2026-07-12T17:16:21.825186+00:00
1300964,12,Men 40-44,99,230,98.9576,205,235,200,cache,Squat Snatch 1RM,"100
                                       kg",100,kg,100.0,,2026-07-12T17:16:21.825186+00:00
2085811,12,Men 40-44,99,232,98.9485,205,235,200,cache,Back Squat 1RM,"155
                                       kg",155,kg,155.0,,2026-07-12T17:16:21.825186+00:00
2085811,12,Men 40-44,99,232,98.9485,205,235,200,cache,Clean & Jerk 1RM,"100
                                       kg",100,kg,100.0,,2026-07-12T17:16:21.825186+00:00
2085811,12,Men 40-44,99,232,98.9485,205,235,200,cache,Deadlift 1RM,"170
                                       kg",170,kg,170.0,,2026-07-12T17:16:21.825186+00:00
2085811,12,Men 40-44,99,232,98.9485,205,235,200,cache,Squat Snatch 1RM,"70
                                       kg",70,kg,70.0,,2026-07-12T17:16:21.825186+00:00
2543,12,Men 40-44,99,233,98.9440,205,235,200,cache,Back Squat 1RM,"200
                                       kg",200,kg,200.0,,2026-07-12T17:16:21.825186+00:00
2543,12,Men 40-44,99,233,98.9440,205,235,200,cache,Bench Press 1RM,"135
                                       kg",135,kg,135.0,,2026-07-12T17:16:21.825186+00:00
2543,12,Men 40-44,99,233,98.9440,205,235,200,cache,Clean & Jerk 1RM,"145
                                       kg",145,kg,145.0,,2026-07-12T17:16:21.825186+00:00
2543,12,Men 40-44,99,233,98.9440,205,235,200,cache,Deadlift 1RM,"245
                                       kg",245,kg,245.0,,2026-07-12T17:16:21.825186+00:00
2543,12,Men 40-44,99,233,98.9440,205,235,200,cache,Fight Gone Bad,"321
                                       reps",321,reps,,,2026-07-12T17:16:21.825186+00:00
2543,12,Men 40-44,99,233,98.9440,205,235,200,cache,Fran,02:49,,,,169,2026-07-12T17:16:21.825186+00:00
2543,12,Men 40-44,99,233,98.9440,205,235,200,cache,Power Clean 1RM,"140
                                       kg",140,kg,140.0,,2026-07-12T17:16:21.825186+00:00
2543,12,Men 40-44,99,233,98.9440,205,235,200,cache,Pull-ups,"35
                                       reps",35,reps,,,2026-07-12T17:16:21.825186+00:00
2543,12,Men 40-44,99,233,98.9440,205,235,200,cache,Run 5k,22:59,,,,1379,2026-07-12T17:16:21.825186+00:00
2543,12,Men 40-44,99,233,98.9440,205,235,200,cache,Squat Snatch 1RM,"118
                                       kg",118,kg,118.0,,2026-07-12T17:16:21.825186+00:00
595276,2,Women,90,10581,90.0149,10581,10611,200,cache,Run 5k,19:50,,,,1190,2026-07-12T17:16:21.825186+00:00
2912256,2,Women,90,10584,90.0121,10581,10611,200,cache,Back Squat 1RM,"110
                                       kg",110,kg,110.0,,2026-07-12T17:16:21.825186+00:00
2912256,2,Women,90,10584,90.0121,10581,10611,200,cache,Bench Press 1RM,"79
                                       kg",79,kg,79.0,,2026-07-12T17:16:21.825186+00:00
2912256,2,Women,90,10584,90.0121,10581,10611,200,cache,Clean & Jerk 1RM,"80
                                       kg",80,kg,80.0,,2026-07-12T17:16:21.825186+00:00
2912256,2,Women,90,10584,90.0121,10581,10611,200,cache,Deadlift 1RM,"150
                                       kg",150,kg,150.0,,2026-07-12T17:16:21.825186+00:00
2912256,2,Women,90,10584,90.0121,10581,10611,200,cache,Front Squat 3RM,"80
                                       kg",80,kg,80.0,,2026-07-12T17:16:21.825186+00:00
2912256,2,Women,90,10584,90.0121,10581,10611,200,cache,Overhead Squat 1RM,"70
                                       kg",70,kg,70.0,,2026-07-12T17:16:21.825186+00:00
2912256,2,Women,90,10584,90.0121,10581,10611,200,cache,Power Clean 1RM,"90
                                       kg",90,kg,90.0,,2026-07-12T17:16:21.825186+00:00
2912256,2,Women,90,10584,90.0121,10581,10611,200,cache,Power Snatch 1RM,"68
                                       kg",68,kg,68.0,,2026-07-12T17:16:21.825186+00:00
2912256,2,Women,90,10584,90.0121,10581,10611,200,cache,Push Jerk 1RM,"80
                                       kg",80,kg,80.0,,2026-07-12T17:16:21.825186+00:00
2912256,2,Women,90,10584,90.0121,10581,10611,200,cache,Split Jerk 1RM,"82
                                       kg",82,kg,82.0,,2026-07-12T17:16:21.825186+00:00
2152308,2,Women,90,10591,90.0055,10581,10611,200,cache,Back Squat 1RM,"265
                                       lb",265,lb,120.2,,2026-07-12T17:16:21.825186+00:00
2152308,2,Women,90,10591,90.0055,10581,10611,200,cache,Clean & Jerk 1RM,"160
                                       lb",160,lb,72.6,,2026-07-12T17:16:21.825186+00:00
2152308,2,Women,90,10591,90.0055,10581,10611,200,cache,Deadlift 1RM,"265
                                       lb",265,lb,120.2,,2026-07-12T17:16:21.825186+00:00
2152308,2,Women,90,10591,90.0055,10581,10611,200,cache,Fight Gone Bad,"304
                                       reps",304,reps,,,2026-07-12T17:16:21.825186+00:00
2152308,2,Women,90,10591,90.0055,10581,10611,200,cache,Filthy 50,20:47,,,,1247,2026-07-12T17:16:21.825186+00:00
2152308,2,Women,90,10591,90.0055,10581,10611,200,cache,Grace,03:22,,,,202,2026-07-12T17:16:21.825186+00:00
2152308,2,Women,90,10591,90.0055,10581,10611,200,cache,Squat Snatch 1RM,"115
                                       lb",115,lb,52.2,,2026-07-12T17:16:21.825186+00:00
112049,2,Women,90,10593,90.0036,10581,10611,200,cache,Back Squat 1RM,"240
                                       lb",240,lb,108.9,,2026-07-12T17:16:21.825186+00:00
112049,2,Women,90,10593,90.0036,10581,10611,200,cache,Bench Press 1RM,"155
                                       lb",155,lb,70.3,,2026-07-12T17:16:21.825186+00:00
112049,2,Women,90,10593,90.0036,10581,10611,200,cache,Clean & Jerk 1RM,"190
                                       lb",190,lb,86.2,,2026-07-12T17:16:21.825186+00:00
112049,2,Women,90,10593,90.0036,10581,10611,200,cache,Deadlift 1RM,"267
                                       lb",267,lb,121.1,,2026-07-12T17:16:21.825186+00:00
112049,2,Women,90,10593,90.0036,10581,10611,200,cache,Fran,04:01,,,,241,2026-07-12T17:16:21.825186+00:00
112049,2,Women,90,10593,90.0036,10581,10611,200,cache,Grace,03:51,,,,231,2026-07-12T17:16:21.825186+00:00
112049,2,Women,90,10593,90.0036,10581,10611,200,cache,Helen,09:51,,,,591,2026-07-12T17:16:21.825186+00:00
112049,2,Women,90,10593,90.0036,10581,10611,200,cache,Pull-ups,"21
                                       reps",21,reps,,,2026-07-12T17:16:21.825186+00:00
112049,2,Women,90,10593,90.0036,10581,10611,200,cache,Run 5k,24:22,,,,1462,2026-07-12T17:16:21.825186+00:00
112049,2,Women,90,10593,90.0036,10581,10611,200,cache,Squat Snatch 1RM,"145
                                       lb",145,lb,65.8,,2026-07-12T17:16:21.825186+00:00
479770,2,Women,90,10598,89.9989,10581,10611,200,cache,Back Squat 1RM,"300
                                       lb",300,lb,136.1,,2026-07-12T17:16:21.825186+00:00
479770,2,Women,90,10598,89.9989,10581,10611,200,cache,Clean & Jerk 1RM,"177
                                       lb",177,lb,80.3,,2026-07-12T17:16:21.825186+00:00
479770,2,Women,90,10598,89.9989,10581,10611,200,cache,Deadlift 1RM,"300
                                       lb",300,lb,136.1,,2026-07-12T17:16:21.825186+00:00
479770,2,Women,90,10598,89.9989,10581,10611,200,cache,Fran,02:40,,,,160,2026-07-12T17:16:21.825186+00:00
479770,2,Women,90,10598,89.9989,10581,10611,200,cache,Front Squat 1RM,"185
                                       lb",185,lb,83.9,,2026-07-12T17:16:21.825186+00:00
479770,2,Women,90,10598,89.9989,10581,10611,200,cache,Grace,04:05,,,,245,2026-07-12T17:16:21.825186+00:00
479770,2,Women,90,10598,89.9989,10581,10611,200,cache,Hang Squat Snatch 1RM,"135
                                       lb",135,lb,61.2,,2026-07-12T17:16:21.825186+00:00
479770,2,Women,90,10598,89.9989,10581,10611,200,cache,Overhead Squat 1RM,"175
                                       lb",175,lb,79.4,,2026-07-12T17:16:21.825186+00:00
479770,2,Women,90,10598,89.9989,10581,10611,200,cache,Run 5k,27:12,,,,1632,2026-07-12T17:16:21.825186+00:00
479770,2,Women,90,10598,89.9989,10581,10611,200,cache,Squat Snatch 1RM,"135
                                       lb",135,lb,61.2,,2026-07-12T17:16:21.825186+00:00
550669,2,Women,90,10600,89.9970,10581,10611,200,cache,Back Squat 1RM,"315
                                       lb",315,lb,142.9,,2026-07-12T17:16:21.825186+00:00
550669,2,Women,90,10600,89.9970,10581,10611,200,cache,Clean & Jerk 1RM,"200
                                       lb",200,lb,90.7,,2026-07-12T17:16:21.825186+00:00
550669,2,Women,90,10600,89.9970,10581,10611,200,cache,Deadlift 1RM,"340
                                       lb",340,lb,154.2,,2026-07-12T17:16:21.825186+00:00
550669,2,Women,90,10600,89.9970,10581,10611,200,cache,Grace,01:54,,,,114,2026-07-12T17:16:21.825186+00:00
550669,2,Women,90,10600,89.9970,10581,10611,200,cache,Squat Snatch 1RM,"165
                                       lb",165,lb,74.8,,2026-07-12T17:16:21.825186+00:00
1982468,2,Women,90,10603,89.9941,10581,10611,200,cache,Back Squat 1RM,"199
                                       lb",199,lb,90.3,,2026-07-12T17:16:21.825186+00:00
1982468,2,Women,90,10603,89.9941,10581,10611,200,cache,Clean & Jerk 1RM,"130
                                       lb",130,lb,59.0,,2026-07-12T17:16:21.825186+00:00
1982468,2,Women,90,10603,89.9941,10581,10611,200,cache,Deadlift 1RM,"271
                                       lb",271,lb,122.9,,2026-07-12T17:16:21.825186+00:00
1982468,2,Women,90,10603,89.9941,10581,10611,200,cache,Fran,05:25,,,,325,2026-07-12T17:16:21.825186+00:00
1982468,2,Women,90,10603,89.9941,10581,10611,200,cache,Grace,04:40,,,,280,2026-07-12T17:16:21.825186+00:00
1982468,2,Women,90,10603,89.9941,10581,10611,200,cache,Squat Snatch 1RM,"94
                                       lb",94,lb,42.6,,2026-07-12T17:16:21.825186+00:00
2473362,2,Women,90,10604,89.9932,10581,10611,200,cache,Run 5k,20:50,,,,1250,2026-07-12T17:16:21.825186+00:00
2330384,2,Women,90,10608,89.9894,10581,10611,200,cache,Back Squat 1RM,"130
                                       kg",130,kg,130.0,,2026-07-12T17:16:21.825186+00:00
2330384,2,Women,90,10608,89.9894,10581,10611,200,cache,Clean & Jerk 1RM,"85
                                       kg",85,kg,85.0,,2026-07-12T17:16:21.825186+00:00
2330384,2,Women,90,10608,89.9894,10581,10611,200,cache,Deadlift 1RM,"177
                                       kg",177,kg,177.0,,2026-07-12T17:16:21.825186+00:00
2330384,2,Women,90,10608,89.9894,10581,10611,200,cache,Grace,02:17,,,,137,2026-07-12T17:16:21.825186+00:00
2330384,2,Women,90,10608,89.9894,10581,10611,200,cache,Squat Snatch 1RM,"60
                                       kg",60,kg,60.0,,2026-07-12T17:16:21.825186+00:00
1037425,2,Women,90,10611,89.9866,10581,10611,200,cache,Back Squat 1RM,"106
                                       kg",106,kg,106.0,,2026-07-12T17:16:21.825186+00:00
1037425,2,Women,90,10611,89.9866,10581,10611,200,cache,Clean & Jerk 1RM,"81
                                       kg",81,kg,81.0,,2026-07-12T17:16:21.825186+00:00
1037425,2,Women,90,10611,89.9866,10581,10611,200,cache,Deadlift 1RM,"155
                                       kg",155,kg,155.0,,2026-07-12T17:16:21.825186+00:00
1037425,2,Women,90,10611,89.9866,10581,10611,200,cache,Hang Squat Clean 1RM,"90
                                       kg",90,kg,90.0,,2026-07-12T17:16:21.825186+00:00
1037425,2,Women,90,10611,89.9866,10581,10611,200,cache,Power Clean 1RM,"85
                                       kg",85,kg,85.0,,2026-07-12T17:16:21.825186+00:00
1037425,2,Women,90,10611,89.9866,10581,10611,200,cache,Power Snatch 1RM,"60
                                       kg",60,kg,60.0,,2026-07-12T17:16:21.825186+00:00
1037425,2,Women,90,10611,89.9866,10581,10611,200,cache,Pull-ups,"30
                                       reps",30,reps,,,2026-07-12T17:16:21.825186+00:00
1037425,2,Women,90,10611,89.9866,10581,10611,200,cache,Push Jerk 1RM,"81
                                       kg",81,kg,81.0,,2026-07-12T17:16:21.825186+00:00
1037425,2,Women,90,10611,89.9866,10581,10611,200,cache,Squat Snatch 1RM,"63
                                       kg",63,kg,63.0,,2026-07-12T17:16:21.825186+00:00
134197,2,Women,95,5283,95.0150,5283,5313,200,cache,Back Squat 1RM,"265
                                       lb",265,lb,120.2,,2026-07-12T17:16:21.825186+00:00
134197,2,Women,95,5283,95.0150,5283,5313,200,cache,CHAD1000x,58:07,,,,3487,2026-07-12T17:16:21.825186+00:00
134197,2,Women,95,5283,95.0150,5283,5313,200,cache,Clean & Jerk 1RM,"225
                                       lb",225,lb,102.1,,2026-07-12T17:16:21.825186+00:00
134197,2,Women,95,5283,95.0150,5283,5313,200,cache,Deadlift 1RM,"335
                                       lb",335,lb,152.0,,2026-07-12T17:16:21.825186+00:00
134197,2,Women,95,5283,95.0150,5283,5313,200,cache,Fran,03:06,,,,186,2026-07-12T17:16:21.825186+00:00
134197,2,Women,95,5283,95.0150,5283,5313,200,cache,Grace,03:06,,,,186,2026-07-12T17:16:21.825186+00:00
134197,2,Women,95,5283,95.0150,5283,5313,200,cache,Murph,47:22,,,,2842,2026-07-12T17:16:21.825186+00:00
134197,2,Women,95,5283,95.0150,5283,5313,200,cache,Pull-ups,"35
                                       reps",35,reps,,,2026-07-12T17:16:21.825186+00:00
134197,2,Women,95,5283,95.0150,5283,5313,200,cache,Run 5k,26:47,,,,1607,2026-07-12T17:16:21.825186+00:00
134197,2,Women,95,5283,95.0150,5283,5313,200,cache,Squat Snatch 1RM,"185
                                       lb",185,lb,83.9,,2026-07-12T17:16:21.825186+00:00
316851,2,Women,95,5286,95.0122,5283,5313,200,cache,Back Squat 1RM,"220
                                       lb",220,lb,99.8,,2026-07-12T17:16:21.825186+00:00
316851,2,Women,95,5286,95.0122,5283,5313,200,cache,Clean & Jerk 1RM,"180
                                       lb",180,lb,81.6,,2026-07-12T17:16:21.825186+00:00
316851,2,Women,95,5286,95.0122,5283,5313,200,cache,Deadlift 1RM,"345
                                       lb",345,lb,156.5,,2026-07-12T17:16:21.825186+00:00
316851,2,Women,95,5286,95.0122,5283,5313,200,cache,Fight Gone Bad,"321
                                       reps",321,reps,,,2026-07-12T17:16:21.825186+00:00
316851,2,Women,95,5286,95.0122,5283,5313,200,cache,Fran,03:20,,,,200,2026-07-12T17:16:21.825186+00:00
316851,2,Women,95,5286,95.0122,5283,5313,200,cache,Grace,02:11,,,,131,2026-07-12T17:16:21.825186+00:00
316851,2,Women,95,5286,95.0122,5283,5313,200,cache,Pull-ups,"21
                                       reps",21,reps,,,2026-07-12T17:16:21.825186+00:00
1995392,2,Women,95,5287,95.0112,5283,5313,200,cache,Clean & Jerk 1RM,"135
                                       lb",135,lb,61.2,,2026-07-12T17:16:21.825186+00:00
1995392,2,Women,95,5287,95.0112,5283,5313,200,cache,Fran,03:48,,,,228,2026-07-12T17:16:21.825186+00:00
1995392,2,Women,95,5287,95.0112,5283,5313,200,cache,Grace,03:18,,,,198,2026-07-12T17:16:21.825186+00:00
1995392,2,Women,95,5287,95.0112,5283,5313,200,cache,Helen,10:11,,,,611,2026-07-12T17:16:21.825186+00:00
1995392,2,Women,95,5287,95.0112,5283,5313,200,cache,Murph,41:07,,,,2467,2026-07-12T17:16:21.825186+00:00
1995392,2,Women,95,5287,95.0112,5283,5313,200,cache,Run 400m,00:59,,,,59,2026-07-12T17:16:21.825186+00:00
1995392,2,Women,95,5287,95.0112,5283,5313,200,cache,Squat Snatch 1RM,"110
                                       lb",110,lb,49.9,,2026-07-12T17:16:21.825186+00:00
15603,2,Women,95,5289,95.0093,5283,5313,200,cache,Back Squat 1RM,"200
                                       lb",200,lb,90.7,,2026-07-12T17:16:21.825186+00:00
15603,2,Women,95,5289,95.0093,5283,5313,200,cache,Clean & Jerk 1RM,"165
                                       lb",165,lb,74.8,,2026-07-12T17:16:21.825186+00:00
15603,2,Women,95,5289,95.0093,5283,5313,200,cache,Deadlift 1RM,"265
                                       lb",265,lb,120.2,,2026-07-12T17:16:21.825186+00:00
15603,2,Women,95,5289,95.0093,5283,5313,200,cache,Fight Gone Bad,"366
                                       reps",366,reps,,,2026-07-12T17:16:21.825186+00:00
15603,2,Women,95,5289,95.0093,5283,5313,200,cache,Filthy 50,17:16,,,,1036,2026-07-12T17:16:21.825186+00:00
15603,2,Women,95,5289,95.0093,5283,5313,200,cache,Fran,03:11,,,,191,2026-07-12T17:16:21.825186+00:00
15603,2,Women,95,5289,95.0093,5283,5313,200,cache,Grace,03:36,,,,216,2026-07-12T17:16:21.825186+00:00
15603,2,Women,95,5289,95.0093,5283,5313,200,cache,Helen,08:31,,,,511,2026-07-12T17:16:21.825186+00:00
15603,2,Women,95,5289,95.0093,5283,5313,200,cache,Pull-ups,"45
                                       reps",45,reps,,,2026-07-12T17:16:21.825186+00:00
15603,2,Women,95,5289,95.0093,5283,5313,200,cache,Run 400m,01:25,,,,85,2026-07-12T17:16:21.825186+00:00
15603,2,Women,95,5289,95.0093,5283,5313,200,cache,Run 5k,25:25,,,,1525,2026-07-12T17:16:21.825186+00:00
15603,2,Women,95,5289,95.0093,5283,5313,200,cache,Squat Snatch 1RM,"150
                                       lb",150,lb,68.0,,2026-07-12T17:16:21.825186+00:00
707162,2,Women,95,5292,95.0065,5283,5313,200,cache,Back Squat 1RM,"340
                                       lb",340,lb,154.2,,2026-07-12T17:16:21.825186+00:00
707162,2,Women,95,5292,95.0065,5283,5313,200,cache,Clean & Jerk 1RM,"215
                                       lb",215,lb,97.5,,2026-07-12T17:16:21.825186+00:00
707162,2,Women,95,5292,95.0065,5283,5313,200,cache,Deadlift 1RM,"345
                                       lb",345,lb,156.5,,2026-07-12T17:16:21.825186+00:00
707162,2,Women,95,5292,95.0065,5283,5313,200,cache,Squat Snatch 1RM,"155
                                       lb",155,lb,70.3,,2026-07-12T17:16:21.825186+00:00
2321416,2,Women,95,5293,95.0056,5283,5313,200,cache,Annie,05:58,,,,358,2026-07-12T17:16:21.825186+00:00
2321416,2,Women,95,5293,95.0056,5283,5313,200,cache,Back Squat 1RM,"275
                                       lb",275,lb,124.7,,2026-07-12T17:16:21.825186+00:00
2321416,2,Women,95,5293,95.0056,5283,5313,200,cache,Bench Press 1RM,"185
                                       lb",185,lb,83.9,,2026-07-12T17:16:21.825186+00:00
2321416,2,Women,95,5293,95.0056,5283,5313,200,cache,Clean & Jerk 1RM,"190
                                       lb",190,lb,86.2,,2026-07-12T17:16:21.825186+00:00
2321416,2,Women,95,5293,95.0056,5283,5313,200,cache,Deadlift 1RM,"370
                                       lb",370,lb,167.8,,2026-07-12T17:16:21.825186+00:00
2321416,2,Women,95,5293,95.0056,5283,5313,200,cache,Deadlift 5RM,"310
                                       lb",310,lb,140.6,,2026-07-12T17:16:21.825186+00:00
2321416,2,Women,95,5293,95.0056,5283,5313,200,cache,Diane,03:58,,,,238,2026-07-12T17:16:21.825186+00:00
2321416,2,Women,95,5293,95.0056,5283,5313,200,cache,Fight Gone Bad,"338
                                       reps",338,reps,,,2026-07-12T17:16:21.825186+00:00
2321416,2,Women,95,5293,95.0056,5283,5313,200,cache,Fran,04:19,,,,259,2026-07-12T17:16:21.825186+00:00
2321416,2,Women,95,5293,95.0056,5283,5313,200,cache,Front Squat 1RM,"250
                                       lb",250,lb,113.4,,2026-07-12T17:16:21.825186+00:00
2321416,2,Women,95,5293,95.0056,5283,5313,200,cache,Holleyman,24:10,,,,1450,2026-07-12T17:16:21.825186+00:00
2321416,2,Women,95,5293,95.0056,5283,5313,200,cache,Isabel,02:04,,,,124,2026-07-12T17:16:21.825186+00:00
2321416,2,Women,95,5293,95.0056,5283,5313,200,cache,Row 500m,01:36,,,,96,2026-07-12T17:16:21.825186+00:00
2321416,2,Women,95,5293,95.0056,5283,5313,200,cache,Run 1 Mile,07:48,,,,468,2026-07-12T17:16:21.825186+00:00
2321416,2,Women,95,5293,95.0056,5283,5313,200,cache,Split Jerk 1RM,"190
                                       lb",190,lb,86.2,,2026-07-12T17:16:21.825186+00:00
2321416,2,Women,95,5293,95.0056,5283,5313,200,cache,Squat Clean 1RM,"210
                                       lb",210,lb,95.3,,2026-07-12T17:16:21.825186+00:00
2321416,2,Women,95,5293,95.0056,5283,5313,200,cache,Squat Snatch 1RM,"145
                                       lb",145,lb,65.8,,2026-07-12T17:16:21.825186+00:00
2809670,2,Women,95,5300,94.9990,5283,5313,200,cache,Back Squat 1RM,"245
                                       lb",245,lb,111.1,,2026-07-12T17:16:21.825186+00:00
2809670,2,Women,95,5300,94.9990,5283,5313,200,cache,Front Squat 1RM,"190
                                       lb",190,lb,86.2,,2026-07-12T17:16:21.825186+00:00
2146779,2,Women,95,5302,94.9971,5283,5313,200,cache,Adrian,18:00,,,,1080,2026-07-12T17:16:21.825186+00:00
2146779,2,Women,95,5302,94.9971,5283,5313,200,cache,Back Squat 1RM,"110
                                       kg",110,kg,110.0,,2026-07-12T17:16:21.825186+00:00
2146779,2,Women,95,5302,94.9971,5283,5313,200,cache,Clean & Jerk 1RM,"80
                                       kg",80,kg,80.0,,2026-07-12T17:16:21.825186+00:00
2146779,2,Women,95,5302,94.9971,5283,5313,200,cache,Deadlift 1RM,"130
                                       kg",130,kg,130.0,,2026-07-12T17:16:21.825186+00:00
2146779,2,Women,95,5302,94.9971,5283,5313,200,cache,Grace,03:32,,,,212,2026-07-12T17:16:21.825186+00:00
2146779,2,Women,95,5302,94.9971,5283,5313,200,cache,Murph,47:00,,,,2820,2026-07-12T17:16:21.825186+00:00
2146779,2,Women,95,5302,94.9971,5283,5313,200,cache,Partner Weston,34:58,,,,2098,2026-07-12T17:16:21.825186+00:00
2146779,2,Women,95,5302,94.9971,5283,5313,200,cache,Power Clean 1RM,"87
                                       kg",87,kg,87.0,,2026-07-12T17:16:21.825186+00:00
2146779,2,Women,95,5302,94.9971,5283,5313,200,cache,Run 5k,28:38,,,,1718,2026-07-12T17:16:21.825186+00:00
2146779,2,Women,95,5302,94.9971,5283,5313,200,cache,Squat Clean 1RM,"92
                                       lb",92,lb,41.7,,2026-07-12T17:16:21.825186+00:00
2146779,2,Women,95,5302,94.9971,5283,5313,200,cache,Squat Snatch 1RM,"60
                                       kg",60,kg,60.0,,2026-07-12T17:16:21.825186+00:00
871571,2,Women,95,5305,94.9942,5283,5313,200,cache,Clean & Jerk 1RM,"80
                                       kg",80,kg,80.0,,2026-07-12T17:16:21.825186+00:00
871571,2,Women,95,5305,94.9942,5283,5313,200,cache,Deadlift 1RM,"130
                                       kg",130,kg,130.0,,2026-07-12T17:16:21.825186+00:00
871571,2,Women,95,5305,94.9942,5283,5313,200,cache,Fran,03:24,,,,204,2026-07-12T17:16:21.825186+00:00
871571,2,Women,95,5305,94.9942,5283,5313,200,cache,Squat Snatch 1RM,"70
                                       kg",70,kg,70.0,,2026-07-12T17:16:21.825186+00:00
872453,2,Women,95,5311,94.9886,5283,5313,200,cache,Back Squat 1RM,"275
                                       lb",275,lb,124.7,,2026-07-12T17:16:21.825186+00:00
872453,2,Women,95,5311,94.9886,5283,5313,200,cache,Clean & Jerk 1RM,"175
                                       lb",175,lb,79.4,,2026-07-12T17:16:21.825186+00:00
872453,2,Women,95,5311,94.9886,5283,5313,200,cache,Deadlift 1RM,"405
                                       lb",405,lb,183.7,,2026-07-12T17:16:21.825186+00:00
22964,2,Women,95,5312,94.9876,5283,5313,200,cache,Back Squat 1RM,"225
                                       lb",225,lb,102.1,,2026-07-12T17:16:21.825186+00:00
22964,2,Women,95,5312,94.9876,5283,5313,200,cache,Clean & Jerk 1RM,"175
                                       lb",175,lb,79.4,,2026-07-12T17:16:21.825186+00:00
22964,2,Women,95,5312,94.9876,5283,5313,200,cache,Deadlift 1RM,"230
                                       lb",230,lb,104.3,,2026-07-12T17:16:21.825186+00:00
22964,2,Women,95,5312,94.9876,5283,5313,200,cache,Filthy 50,30:00,,,,1800,2026-07-12T17:16:21.825186+00:00
22964,2,Women,95,5312,94.9876,5283,5313,200,cache,Fran,04:50,,,,290,2026-07-12T17:16:21.825186+00:00
22964,2,Women,95,5312,94.9876,5283,5313,200,cache,Front Squat 1RM,"195
                                       lb",195,lb,88.5,,2026-07-12T17:16:21.825186+00:00
22964,2,Women,95,5312,94.9876,5283,5313,200,cache,Grace,02:12,,,,132,2026-07-12T17:16:21.825186+00:00
22964,2,Women,95,5312,94.9876,5283,5313,200,cache,Hang Power Clean 1RM,"170
                                       lb",170,lb,77.1,,2026-07-12T17:16:21.825186+00:00
22964,2,Women,95,5312,94.9876,5283,5313,200,cache,Hang Power Snatch 1RM,"140
                                       lb",140,lb,63.5,,2026-07-12T17:16:21.825186+00:00
22964,2,Women,95,5312,94.9876,5283,5313,200,cache,Hang Squat Clean 1RM,"170
                                       lb",170,lb,77.1,,2026-07-12T17:16:21.825186+00:00
22964,2,Women,95,5312,94.9876,5283,5313,200,cache,Hang Squat Snatch 1RM,"145
                                       lb",145,lb,65.8,,2026-07-12T17:16:21.825186+00:00
22964,2,Women,95,5312,94.9876,5283,5313,200,cache,Helen,10:08,,,,608,2026-07-12T17:16:21.825186+00:00
22964,2,Women,95,5312,94.9876,5283,5313,200,cache,Overhead Squat 1RM,"175
                                       lb",175,lb,79.4,,2026-07-12T17:16:21.825186+00:00
22964,2,Women,95,5312,94.9876,5283,5313,200,cache,Power Clean 1RM,"170
                                       lb",170,lb,77.1,,2026-07-12T17:16:21.825186+00:00
22964,2,Women,95,5312,94.9876,5283,5313,200,cache,Power Snatch 1RM,"140
                                       lb",140,lb,63.5,,2026-07-12T17:16:21.825186+00:00
22964,2,Women,95,5312,94.9876,5283,5313,200,cache,Push Jerk 1RM,"180
                                       lb",180,lb,81.6,,2026-07-12T17:16:21.825186+00:00
22964,2,Women,95,5312,94.9876,5283,5313,200,cache,Push Press 1RM,"145
                                       lb",145,lb,65.8,,2026-07-12T17:16:21.825186+00:00
22964,2,Women,95,5312,94.9876,5283,5313,200,cache,Run 400m,01:29,,,,89,2026-07-12T17:16:21.825186+00:00
22964,2,Women,95,5312,94.9876,5283,5313,200,cache,Shoulder Press 1RM,"100
                                       lb",100,lb,45.4,,2026-07-12T17:16:21.825186+00:00
22964,2,Women,95,5312,94.9876,5283,5313,200,cache,Squat Snatch 1RM,"143
                                       lb",143,lb,64.9,,2026-07-12T17:16:21.825186+00:00
798694,2,Women,99,1045,99.0147,1045,1075,200,cache,Back Squat 1RM,"325
                                       lb",325,lb,147.4,,2026-07-12T17:16:21.825186+00:00
798694,2,Women,99,1045,99.0147,1045,1075,200,cache,Clean & Jerk 1RM,"230
                                       lb",230,lb,104.3,,2026-07-12T17:16:21.825186+00:00
798694,2,Women,99,1045,99.0147,1045,1075,200,cache,Deadlift 1RM,"385
                                       lb",385,lb,174.6,,2026-07-12T17:16:21.825186+00:00
798694,2,Women,99,1045,99.0147,1045,1075,200,cache,Fran,02:41,,,,161,2026-07-12T17:16:21.825186+00:00
798694,2,Women,99,1045,99.0147,1045,1075,200,cache,Pull-ups,"55
                                       reps",55,reps,,,2026-07-12T17:16:21.825186+00:00
798694,2,Women,99,1045,99.0147,1045,1075,200,cache,Squat Snatch 1RM,"185
                                       lb",185,lb,83.9,,2026-07-12T17:16:21.825186+00:00
1570870,2,Women,99,1047,99.0128,1045,1075,200,cache,Back Squat 1RM,"110
                                       kg",110,kg,110.0,,2026-07-12T17:16:21.825186+00:00
1570870,2,Women,99,1047,99.0128,1045,1075,200,cache,Clean & Jerk 1RM,"85
                                       kg",85,kg,85.0,,2026-07-12T17:16:21.825186+00:00
1570870,2,Women,99,1047,99.0128,1045,1075,200,cache,Deadlift 1RM,"135
                                       kg",135,kg,135.0,,2026-07-12T17:16:21.825186+00:00
1570870,2,Women,99,1047,99.0128,1045,1075,200,cache,Run 5k,23:05,,,,1385,2026-07-12T17:16:21.825186+00:00
1570870,2,Women,99,1047,99.0128,1045,1075,200,cache,Squat Snatch 1RM,"60
                                       kg",60,kg,60.0,,2026-07-12T17:16:21.825186+00:00
1567060,2,Women,99,1049,99.0109,1045,1075,200,cache,Back Squat 1RM,"325
                                       lb",325,lb,147.4,,2026-07-12T17:16:21.825186+00:00
1567060,2,Women,99,1049,99.0109,1045,1075,200,cache,Clean & Jerk 1RM,"205
                                       lb",205,lb,93.0,,2026-07-12T17:16:21.825186+00:00
1567060,2,Women,99,1049,99.0109,1045,1075,200,cache,Deadlift 1RM,"350
                                       lb",350,lb,158.8,,2026-07-12T17:16:21.825186+00:00
1567060,2,Women,99,1049,99.0109,1045,1075,200,cache,Front Squat 1RM,"245
                                       lb",245,lb,111.1,,2026-07-12T17:16:21.825186+00:00
1567060,2,Women,99,1049,99.0109,1045,1075,200,cache,Grace,02:30,,,,150,2026-07-12T17:16:21.825186+00:00
1567060,2,Women,99,1049,99.0109,1045,1075,200,cache,Hang Power Clean 1RM,"210
                                       lb",210,lb,95.3,,2026-07-12T17:16:21.825186+00:00
1567060,2,Women,99,1049,99.0109,1045,1075,200,cache,Hang Squat Clean 1RM,"210
                                       lb",210,lb,95.3,,2026-07-12T17:16:21.825186+00:00
1567060,2,Women,99,1049,99.0109,1045,1075,200,cache,Helen,10:43,,,,643,2026-07-12T17:16:21.825186+00:00
1567060,2,Women,99,1049,99.0109,1045,1075,200,cache,Overhead Squat 1RM,"195
                                       lb",195,lb,88.5,,2026-07-12T17:16:21.825186+00:00
1567060,2,Women,99,1049,99.0109,1045,1075,200,cache,Run 5k,22:10,,,,1330,2026-07-12T17:16:21.825186+00:00
1567060,2,Women,99,1049,99.0109,1045,1075,200,cache,Shoulder Press 1RM,"110
                                       lb",110,lb,49.9,,2026-07-12T17:16:21.825186+00:00
1567060,2,Women,99,1049,99.0109,1045,1075,200,cache,Split Jerk 1RM,"215
                                       lb",215,lb,97.5,,2026-07-12T17:16:21.825186+00:00
1567060,2,Women,99,1049,99.0109,1045,1075,200,cache,Squat Snatch 1RM,"165
                                       lb",165,lb,74.8,,2026-07-12T17:16:21.825186+00:00
19937,2,Women,99,1051,99.0090,1045,1075,200,cache,Back Squat 1RM,"235
                                       lb",235,lb,106.6,,2026-07-12T17:16:21.825186+00:00
19937,2,Women,99,1051,99.0090,1045,1075,200,cache,Clean & Jerk 1RM,"180
                                       lb",180,lb,81.6,,2026-07-12T17:16:21.825186+00:00
19937,2,Women,99,1051,99.0090,1045,1075,200,cache,Deadlift 1RM,"325
                                       lb",325,lb,147.4,,2026-07-12T17:16:21.825186+00:00
19937,2,Women,99,1051,99.0090,1045,1075,200,cache,Fight Gone Bad,"299
                                       reps",299,reps,,,2026-07-12T17:16:21.825186+00:00
19937,2,Women,99,1051,99.0090,1045,1075,200,cache,Filthy 50,22:38,,,,1358,2026-07-12T17:16:21.825186+00:00
19937,2,Women,99,1051,99.0090,1045,1075,200,cache,Fran,02:43,,,,163,2026-07-12T17:16:21.825186+00:00
19937,2,Women,99,1051,99.0090,1045,1075,200,cache,Pull-ups,"45
                                       reps",45,reps,,,2026-07-12T17:16:21.825186+00:00
19937,2,Women,99,1051,99.0090,1045,1075,200,cache,Squat Snatch 1RM,"115
                                       lb",115,lb,52.2,,2026-07-12T17:16:21.825186+00:00
1209961,2,Women,99,1056,99.0043,1045,1075,200,cache,Back Squat 1RM,"95
                                       kg",95,kg,95.0,,2026-07-12T17:16:21.825186+00:00
1209961,2,Women,99,1056,99.0043,1045,1075,200,cache,Clean & Jerk 1RM,"73
                                       kg",73,kg,73.0,,2026-07-12T17:16:21.825186+00:00
1209961,2,Women,99,1056,99.0043,1045,1075,200,cache,Deadlift 1RM,"98
                                       kg",98,kg,98.0,,2026-07-12T17:16:21.825186+00:00
1209961,2,Women,99,1056,99.0043,1045,1075,200,cache,Fran,04:35,,,,275,2026-07-12T17:16:21.825186+00:00
1209961,2,Women,99,1056,99.0043,1045,1075,200,cache,Squat Snatch 1RM,"52
                                       kg",52,kg,52.0,,2026-07-12T17:16:21.825186+00:00
10512,2,Women,99,1062,98.9987,1045,1075,200,cache,Back Squat 1RM,"285
                                       lb",285,lb,129.3,,2026-07-12T17:16:21.825186+00:00
10512,2,Women,99,1062,98.9987,1045,1075,200,cache,Bench Press 1RM,"160
                                       lb",160,lb,72.6,,2026-07-12T17:16:21.825186+00:00
10512,2,Women,99,1062,98.9987,1045,1075,200,cache,Clean & Jerk 1RM,"220
                                       lb",220,lb,99.8,,2026-07-12T17:16:21.825186+00:00
10512,2,Women,99,1062,98.9987,1045,1075,200,cache,Deadlift 1RM,"350
                                       lb",350,lb,158.8,,2026-07-12T17:16:21.825186+00:00
10512,2,Women,99,1062,98.9987,1045,1075,200,cache,Fran,02:50,,,,170,2026-07-12T17:16:21.825186+00:00
10512,2,Women,99,1062,98.9987,1045,1075,200,cache,Grace,01:45,,,,105,2026-07-12T17:16:21.825186+00:00
10512,2,Women,99,1062,98.9987,1045,1075,200,cache,Run 400m,00:36,,,,36,2026-07-12T17:16:21.825186+00:00
10512,2,Women,99,1062,98.9987,1045,1075,200,cache,Run 5k,27:12,,,,1632,2026-07-12T17:16:21.825186+00:00
10512,2,Women,99,1062,98.9987,1045,1075,200,cache,Squat Clean 1RM,"220
                                       lb",220,lb,99.8,,2026-07-12T17:16:21.825186+00:00
10512,2,Women,99,1062,98.9987,1045,1075,200,cache,Squat Snatch 1RM,"170
                                       lb",170,lb,77.1,,2026-07-12T17:16:21.825186+00:00
2426859,2,Women,99,1063,98.9977,1045,1075,200,cache,Back Squat 1RM,"220
                                       lb",220,lb,99.8,,2026-07-12T17:16:21.825186+00:00
2426859,2,Women,99,1063,98.9977,1045,1075,200,cache,Bench Press 1RM,"150
                                       lb",150,lb,68.0,,2026-07-12T17:16:21.825186+00:00
2426859,2,Women,99,1063,98.9977,1045,1075,200,cache,CHAD1000x,72:15,,,,4335,2026-07-12T17:16:21.825186+00:00
2426859,2,Women,99,1063,98.9977,1045,1075,200,cache,Clean & Jerk 1RM,"180
                                       lb",180,lb,81.6,,2026-07-12T17:16:21.825186+00:00
2426859,2,Women,99,1063,98.9977,1045,1075,200,cache,Deadlift 1RM,"270
                                       lb",270,lb,122.5,,2026-07-12T17:16:21.825186+00:00
2426859,2,Women,99,1063,98.9977,1045,1075,200,cache,Fight Gone Bad,"302
                                       reps",302,reps,,,2026-07-12T17:16:21.825186+00:00
2426859,2,Women,99,1063,98.9977,1045,1075,200,cache,Fran,06:31,,,,391,2026-07-12T17:16:21.825186+00:00
2426859,2,Women,99,1063,98.9977,1045,1075,200,cache,Front Squat 1RM,"195
                                       lb",195,lb,88.5,,2026-07-12T17:16:21.825186+00:00
2426859,2,Women,99,1063,98.9977,1045,1075,200,cache,Grace,02:06,,,,126,2026-07-12T17:16:21.825186+00:00
2426859,2,Women,99,1063,98.9977,1045,1075,200,cache,Helen,09:57,,,,597,2026-07-12T17:16:21.825186+00:00
2426859,2,Women,99,1063,98.9977,1045,1075,200,cache,Murph,43:37,,,,2617,2026-07-12T17:16:21.825186+00:00
2426859,2,Women,99,1063,98.9977,1045,1075,200,cache,Pull-ups,"35
                                       reps",35,reps,,,2026-07-12T17:16:21.825186+00:00
2426859,2,Women,99,1063,98.9977,1045,1075,200,cache,Run 400m,01:15,,,,75,2026-07-12T17:16:21.825186+00:00
2426859,2,Women,99,1063,98.9977,1045,1075,200,cache,Run 5k,21:14,,,,1274,2026-07-12T17:16:21.825186+00:00
2426859,2,Women,99,1063,98.9977,1045,1075,200,cache,Shoulder Press 1RM,"105
                                       lb",105,lb,47.6,,2026-07-12T17:16:21.825186+00:00
2426859,2,Women,99,1063,98.9977,1045,1075,200,cache,Squat Snatch 1RM,"160
                                       lb",160,lb,72.6,,2026-07-12T17:16:21.825186+00:00
193710,2,Women,99,1071,98.9902,1045,1075,200,cache,Back Squat 1RM,"1
                                       kg",1,kg,1.0,,2026-07-12T17:16:21.825186+00:00
193710,2,Women,99,1071,98.9902,1045,1075,200,cache,Clean & Jerk 1RM,"89
                                       kg",89,kg,89.0,,2026-07-12T17:16:21.825186+00:00
193710,2,Women,99,1071,98.9902,1045,1075,200,cache,Fight Gone Bad,"345
                                       reps",345,reps,,,2026-07-12T17:16:21.825186+00:00
193710,2,Women,99,1071,98.9902,1045,1075,200,cache,Helen,08:37,,,,517,2026-07-12T17:16:21.825186+00:00
193710,2,Women,99,1071,98.9902,1045,1075,200,cache,Run 400m,01:02,,,,62,2026-07-12T17:16:21.825186+00:00
193710,2,Women,99,1071,98.9902,1045,1075,200,cache,Run 5k,16:59,,,,1019,2026-07-12T17:16:21.825186+00:00
193710,2,Women,99,1071,98.9902,1045,1075,200,cache,Squat Snatch 1RM,"73
                                       kg",73,kg,73.0,,2026-07-12T17:16:21.825186+00:00
18641,2,Women,99,1072,98.9892,1045,1075,200,cache,Back Squat 1RM,"237
                                       lb",237,lb,107.5,,2026-07-12T17:16:21.825186+00:00
18641,2,Women,99,1072,98.9892,1045,1075,200,cache,Clean & Jerk 1RM,"185
                                       lb",185,lb,83.9,,2026-07-12T17:16:21.825186+00:00
18641,2,Women,99,1072,98.9892,1045,1075,200,cache,Deadlift 1RM,"325
                                       lb",325,lb,147.4,,2026-07-12T17:16:21.825186+00:00
18641,2,Women,99,1072,98.9892,1045,1075,200,cache,Fight Gone Bad,"378
                                       reps",378,reps,,,2026-07-12T17:16:21.825186+00:00
18641,2,Women,99,1072,98.9892,1045,1075,200,cache,Fran,02:58,,,,178,2026-07-12T17:16:21.825186+00:00
18641,2,Women,99,1072,98.9892,1045,1075,200,cache,Helen,07:37,,,,457,2026-07-12T17:16:21.825186+00:00
18641,2,Women,99,1072,98.9892,1045,1075,200,cache,Pull-ups,"42
                                       reps",42,reps,,,2026-07-12T17:16:21.825186+00:00
18641,2,Women,99,1072,98.9892,1045,1075,200,cache,Run 400m,01:12,,,,72,2026-07-12T17:16:21.825186+00:00
18641,2,Women,99,1072,98.9892,1045,1075,200,cache,Run 5k,19:58,,,,1198,2026-07-12T17:16:21.825186+00:00
18641,2,Women,99,1072,98.9892,1045,1075,200,cache,Squat Snatch 1RM,"130
                                       lb",130,lb,59.0,,2026-07-12T17:16:21.825186+00:00
1984352,2,Women,99,1073,98.9883,1045,1075,200,cache,Back Squat 1RM,"260
                                       lb",260,lb,117.9,,2026-07-12T17:16:21.825186+00:00
1984352,2,Women,99,1073,98.9883,1045,1075,200,cache,Bench Press 1RM,"175
                                       lb",175,lb,79.4,,2026-07-12T17:16:21.825186+00:00
1984352,2,Women,99,1073,98.9883,1045,1075,200,cache,Clean & Jerk 1RM,"185
                                       lb",185,lb,83.9,,2026-07-12T17:16:21.825186+00:00
1984352,2,Women,99,1073,98.9883,1045,1075,200,cache,Deadlift 1RM,"320
                                       lb",320,lb,145.1,,2026-07-12T17:16:21.825186+00:00
1984352,2,Women,99,1073,98.9883,1045,1075,200,cache,Front Squat 1RM,"225
                                       lb",225,lb,102.1,,2026-07-12T17:16:21.825186+00:00
1984352,2,Women,99,1073,98.9883,1045,1075,200,cache,Squat Snatch 1RM,"150
                                       lb",150,lb,68.0,,2026-07-12T17:16:21.825186+00:00
962132,19,Women 35-39,90,2253,90.0670,2253,2283,200,cache,Back Squat 1RM,"185
                                       lb",185,lb,83.9,,2026-07-12T17:16:21.825186+00:00
962132,19,Women 35-39,90,2253,90.0670,2253,2283,200,cache,Clean & Jerk 1RM,"145
                                       lb",145,lb,65.8,,2026-07-12T17:16:21.825186+00:00
962132,19,Women 35-39,90,2253,90.0670,2253,2283,200,cache,Deadlift 1RM,"225
                                       lb",225,lb,102.1,,2026-07-12T17:16:21.825186+00:00
962132,19,Women 35-39,90,2253,90.0670,2253,2283,200,cache,Fran,05:24,,,,324,2026-07-12T17:16:21.825186+00:00
962132,19,Women 35-39,90,2253,90.0670,2253,2283,200,cache,Helen,09:23,,,,563,2026-07-12T17:16:21.825186+00:00
962132,19,Women 35-39,90,2253,90.0670,2253,2283,200,cache,Run 5k,26:57,,,,1617,2026-07-12T17:16:21.825186+00:00
962132,19,Women 35-39,90,2253,90.0670,2253,2283,200,cache,Squat Snatch 1RM,"120
                                       lb",120,lb,54.4,,2026-07-12T17:16:21.825186+00:00
962132,19,Women 35-39,90,2253,90.0670,2253,2283,200,cache,Thruster 1RM,"125
                                       lb",125,lb,56.7,,2026-07-12T17:16:21.825186+00:00
48145,19,Women 35-39,90,2254,90.0626,2253,2283,200,cache,Back Squat 1RM,"175
                                       lb",175,lb,79.4,,2026-07-12T17:16:21.825186+00:00
48145,19,Women 35-39,90,2254,90.0626,2253,2283,200,cache,Clean & Jerk 1RM,"150
                                       lb",150,lb,68.0,,2026-07-12T17:16:21.825186+00:00
48145,19,Women 35-39,90,2254,90.0626,2253,2283,200,cache,Run 5k,22:07,,,,1327,2026-07-12T17:16:21.825186+00:00
48145,19,Women 35-39,90,2254,90.0626,2253,2283,200,cache,Squat Snatch 1RM,"113
                                       lb",113,lb,51.3,,2026-07-12T17:16:21.825186+00:00
102433,19,Women 35-39,90,2256,90.0538,2253,2283,200,cache,Back Squat 1RM,"285
                                       lb",285,lb,129.3,,2026-07-12T17:16:21.825186+00:00
102433,19,Women 35-39,90,2256,90.0538,2253,2283,200,cache,Clean & Jerk 1RM,"210
                                       lb",210,lb,95.3,,2026-07-12T17:16:21.825186+00:00
102433,19,Women 35-39,90,2256,90.0538,2253,2283,200,cache,Deadlift 1RM,"345
                                       lb",345,lb,156.5,,2026-07-12T17:16:21.825186+00:00
102433,19,Women 35-39,90,2256,90.0538,2253,2283,200,cache,Squat Snatch 1RM,"170
                                       lb",170,lb,77.1,,2026-07-12T17:16:21.825186+00:00
2004668,19,Women 35-39,90,2257,90.0494,2253,2283,200,cache,Back Squat 1RM,"230
                                       lb",230,lb,104.3,,2026-07-12T17:16:21.825186+00:00
2004668,19,Women 35-39,90,2257,90.0494,2253,2283,200,cache,Deadlift 1RM,"300
                                       lb",300,lb,136.1,,2026-07-12T17:16:21.825186+00:00
1556160,19,Women 35-39,90,2258,90.0450,2253,2283,200,cache,Back Squat 1RM,"97
                                       kg",97,kg,97.0,,2026-07-12T17:16:21.825186+00:00
1556160,19,Women 35-39,90,2258,90.0450,2253,2283,200,cache,Clean & Jerk 1RM,"62
                                       kg",62,kg,62.0,,2026-07-12T17:16:21.825186+00:00
1556160,19,Women 35-39,90,2258,90.0450,2253,2283,200,cache,Deadlift 1RM,"127
                                       kg",127,kg,127.0,,2026-07-12T17:16:21.825186+00:00
1556160,19,Women 35-39,90,2258,90.0450,2253,2283,200,cache,Fran,06:07,,,,367,2026-07-12T17:16:21.825186+00:00
1556160,19,Women 35-39,90,2258,90.0450,2253,2283,200,cache,Grace,03:20,,,,200,2026-07-12T17:16:21.825186+00:00
1556160,19,Women 35-39,90,2258,90.0450,2253,2283,200,cache,Hang Power Clean 1RM,"65
                                       kg",65,kg,65.0,,2026-07-12T17:16:21.825186+00:00
1556160,19,Women 35-39,90,2258,90.0450,2253,2283,200,cache,Helen,11:28,,,,688,2026-07-12T17:16:21.825186+00:00
1556160,19,Women 35-39,90,2258,90.0450,2253,2283,200,cache,Jackie,09:37,,,,577,2026-07-12T17:16:21.825186+00:00
1556160,19,Women 35-39,90,2258,90.0450,2253,2283,200,cache,Pull-ups,"5
                                       reps",5,reps,,,2026-07-12T17:16:21.825186+00:00
1556160,19,Women 35-39,90,2258,90.0450,2253,2283,200,cache,Run 400m,01:40,,,,100,2026-07-12T17:16:21.825186+00:00
1556160,19,Women 35-39,90,2258,90.0450,2253,2283,200,cache,Run 5k,24:16,,,,1456,2026-07-12T17:16:21.825186+00:00
1556160,19,Women 35-39,90,2258,90.0450,2253,2283,200,cache,Squat Snatch 1RM,"45
                                       kg",45,kg,45.0,,2026-07-12T17:16:21.825186+00:00
1556160,19,Women 35-39,90,2258,90.0450,2253,2283,200,cache,Strict Pull-ups,"5
                                       reps",5,reps,,,2026-07-12T17:16:21.825186+00:00
1556160,19,Women 35-39,90,2258,90.0450,2253,2283,200,cache,Weighted Pull-up 1RM,"6
                                       kg",6,kg,6.0,,2026-07-12T17:16:21.825186+00:00
407080,19,Women 35-39,90,2259,90.0406,2253,2283,200,cache,Back Squat 1RM,"215
                                       lb",215,lb,97.5,,2026-07-12T17:16:21.825186+00:00
407080,19,Women 35-39,90,2259,90.0406,2253,2283,200,cache,Bench Press 1RM,"140
                                       lb",140,lb,63.5,,2026-07-12T17:16:21.825186+00:00
407080,19,Women 35-39,90,2259,90.0406,2253,2283,200,cache,Clean & Jerk 1RM,"165
                                       lb",165,lb,74.8,,2026-07-12T17:16:21.825186+00:00
407080,19,Women 35-39,90,2259,90.0406,2253,2283,200,cache,Deadlift 1RM,"286
                                       lb",286,lb,129.7,,2026-07-12T17:16:21.825186+00:00
407080,19,Women 35-39,90,2259,90.0406,2253,2283,200,cache,Deadlift 3RM,"271
                                       lb",271,lb,122.9,,2026-07-12T17:16:21.825186+00:00
407080,19,Women 35-39,90,2259,90.0406,2253,2283,200,cache,Fran,03:32,,,,212,2026-07-12T17:16:21.825186+00:00
407080,19,Women 35-39,90,2259,90.0406,2253,2283,200,cache,Front Squat 1RM,"175
                                       lb",175,lb,79.4,,2026-07-12T17:16:21.825186+00:00
407080,19,Women 35-39,90,2259,90.0406,2253,2283,200,cache,Grace,02:26,,,,146,2026-07-12T17:16:21.825186+00:00
407080,19,Women 35-39,90,2259,90.0406,2253,2283,200,cache,Hang Power Clean 1RM,"165
                                       lb",165,lb,74.8,,2026-07-12T17:16:21.825186+00:00
407080,19,Women 35-39,90,2259,90.0406,2253,2283,200,cache,Hang Power Snatch 1RM,"115
                                       lb",115,lb,52.2,,2026-07-12T17:16:21.825186+00:00
407080,19,Women 35-39,90,2259,90.0406,2253,2283,200,cache,Hang Squat Clean 1RM,"165
                                       lb",165,lb,74.8,,2026-07-12T17:16:21.825186+00:00
407080,19,Women 35-39,90,2259,90.0406,2253,2283,200,cache,Helen,10:12,,,,612,2026-07-12T17:16:21.825186+00:00
407080,19,Women 35-39,90,2259,90.0406,2253,2283,200,cache,Muscle-ups,"17
                                       reps",17,reps,,,2026-07-12T17:16:21.825186+00:00
407080,19,Women 35-39,90,2259,90.0406,2253,2283,200,cache,Overhead Squat 1RM,"125
                                       lb",125,lb,56.7,,2026-07-12T17:16:21.825186+00:00
407080,19,Women 35-39,90,2259,90.0406,2253,2283,200,cache,Power Clean 1RM,"165
                                       lb",165,lb,74.8,,2026-07-12T17:16:21.825186+00:00
407080,19,Women 35-39,90,2259,90.0406,2253,2283,200,cache,Power Snatch 1RM,"125
                                       lb",125,lb,56.7,,2026-07-12T17:16:21.825186+00:00
407080,19,Women 35-39,90,2259,90.0406,2253,2283,200,cache,Pull-ups,"30
                                       reps",30,reps,,,2026-07-12T17:16:21.825186+00:00
407080,19,Women 35-39,90,2259,90.0406,2253,2283,200,cache,Push Jerk 1RM,"185
                                       lb",185,lb,83.9,,2026-07-12T17:16:21.825186+00:00
407080,19,Women 35-39,90,2259,90.0406,2253,2283,200,cache,Push Press 1RM,"130
                                       lb",130,lb,59.0,,2026-07-12T17:16:21.825186+00:00
407080,19,Women 35-39,90,2259,90.0406,2253,2283,200,cache,Shoulder Press 1RM,"105
                                       lb",105,lb,47.6,,2026-07-12T17:16:21.825186+00:00
407080,19,Women 35-39,90,2259,90.0406,2253,2283,200,cache,Squat Snatch 1RM,"125
                                       lb",125,lb,56.7,,2026-07-12T17:16:21.825186+00:00
407080,19,Women 35-39,90,2259,90.0406,2253,2283,200,cache,Thruster 1RM,"135
                                       lb",135,lb,61.2,,2026-07-12T17:16:21.825186+00:00
407080,19,Women 35-39,90,2259,90.0406,2253,2283,200,cache,Toes-to-Bar,"37
                                       reps",37,reps,,,2026-07-12T17:16:21.825186+00:00
1792151,19,Women 35-39,90,2262,90.0273,2253,2283,200,cache,Back Squat 1RM,"80
                                       kg",80,kg,80.0,,2026-07-12T17:16:21.825186+00:00
1792151,19,Women 35-39,90,2262,90.0273,2253,2283,200,cache,Deadlift 1RM,"96
                                       kg",96,kg,96.0,,2026-07-12T17:16:21.825186+00:00
1792151,19,Women 35-39,90,2262,90.0273,2253,2283,200,cache,Squat Snatch 1RM,"49
                                       kg",49,kg,49.0,,2026-07-12T17:16:21.825186+00:00
150892,19,Women 35-39,90,2264,90.0185,2253,2283,200,cache,Back Squat 1RM,"305
                                       lb",305,lb,138.3,,2026-07-12T17:16:21.825186+00:00
150892,19,Women 35-39,90,2264,90.0185,2253,2283,200,cache,Clean & Jerk 1RM,"175
                                       lb",175,lb,79.4,,2026-07-12T17:16:21.825186+00:00
150892,19,Women 35-39,90,2264,90.0185,2253,2283,200,cache,Deadlift 1RM,"320
                                       lb",320,lb,145.1,,2026-07-12T17:16:21.825186+00:00
150892,19,Women 35-39,90,2264,90.0185,2253,2283,200,cache,Pull-ups,"30
                                       reps",30,reps,,,2026-07-12T17:16:21.825186+00:00
150892,19,Women 35-39,90,2264,90.0185,2253,2283,200,cache,Squat Snatch 1RM,"120
                                       lb",120,lb,54.4,,2026-07-12T17:16:21.825186+00:00
879357,19,Women 35-39,90,2266,90.0097,2253,2283,200,cache,Back Squat 1RM,"115
                                       kg",115,kg,115.0,,2026-07-12T17:16:21.825186+00:00
879357,19,Women 35-39,90,2266,90.0097,2253,2283,200,cache,Clean & Jerk 1RM,"85
                                       kg",85,kg,85.0,,2026-07-12T17:16:21.825186+00:00
879357,19,Women 35-39,90,2266,90.0097,2253,2283,200,cache,Deadlift 1RM,"140
                                       kg",140,kg,140.0,,2026-07-12T17:16:21.825186+00:00
879357,19,Women 35-39,90,2266,90.0097,2253,2283,200,cache,Grace,02:35,,,,155,2026-07-12T17:16:21.825186+00:00
879357,19,Women 35-39,90,2266,90.0097,2253,2283,200,cache,Push Press 1RM,"64
                                       kg",64,kg,64.0,,2026-07-12T17:16:21.825186+00:00
879357,19,Women 35-39,90,2266,90.0097,2253,2283,200,cache,Squat Snatch 1RM,"67
                                       kg",67,kg,67.0,,2026-07-12T17:16:21.825186+00:00
465978,19,Women 35-39,90,2267,90.0053,2253,2283,200,cache,Back Squat 1RM,"205
                                       lb",205,lb,93.0,,2026-07-12T17:16:21.825186+00:00
465978,19,Women 35-39,90,2267,90.0053,2253,2283,200,cache,Clean & Jerk 1RM,"120
                                       lb",120,lb,54.4,,2026-07-12T17:16:21.825186+00:00
465978,19,Women 35-39,90,2267,90.0053,2253,2283,200,cache,Deadlift 1RM,"287
                                       lb",287,lb,130.2,,2026-07-12T17:16:21.825186+00:00
465978,19,Women 35-39,90,2267,90.0053,2253,2283,200,cache,Fran,05:14,,,,314,2026-07-12T17:16:21.825186+00:00
465978,19,Women 35-39,90,2267,90.0053,2253,2283,200,cache,Pull-ups,"23
                                       reps",23,reps,,,2026-07-12T17:16:21.825186+00:00
465978,19,Women 35-39,90,2267,90.0053,2253,2283,200,cache,Run 400m,01:45,,,,105,2026-07-12T17:16:21.825186+00:00
465978,19,Women 35-39,90,2267,90.0053,2253,2283,200,cache,Run 5k,23:48,,,,1428,2026-07-12T17:16:21.825186+00:00
465978,19,Women 35-39,90,2267,90.0053,2253,2283,200,cache,Squat Snatch 1RM,"85
                                       lb",85,lb,38.6,,2026-07-12T17:16:21.825186+00:00
2591813,19,Women 35-39,90,2276,89.9656,2253,2283,200,cache,Back Squat 1RM,"255
                                       lb",255,lb,115.7,,2026-07-12T17:16:21.825186+00:00
2591813,19,Women 35-39,90,2276,89.9656,2253,2283,200,cache,Bench Press 1RM,"170
                                       lb",170,lb,77.1,,2026-07-12T17:16:21.825186+00:00
2591813,19,Women 35-39,90,2276,89.9656,2253,2283,200,cache,Clean & Jerk 1RM,"160
                                       lb",160,lb,72.6,,2026-07-12T17:16:21.825186+00:00
2591813,19,Women 35-39,90,2276,89.9656,2253,2283,200,cache,Deadlift 1RM,"315
                                       lb",315,lb,142.9,,2026-07-12T17:16:21.825186+00:00
2591813,19,Women 35-39,90,2276,89.9656,2253,2283,200,cache,Front Squat 1RM,"200
                                       lb",200,lb,90.7,,2026-07-12T17:16:21.825186+00:00
2591813,19,Women 35-39,90,2276,89.9656,2253,2283,200,cache,Hang Squat Snatch 1RM,"125
                                       lb",125,lb,56.7,,2026-07-12T17:16:21.825186+00:00
2591813,19,Women 35-39,90,2276,89.9656,2253,2283,200,cache,Karen,07:50,,,,470,2026-07-12T17:16:21.825186+00:00
2591813,19,Women 35-39,90,2276,89.9656,2253,2283,200,cache,Overhead Squat 1RM,"125
                                       lb",125,lb,56.7,,2026-07-12T17:16:21.825186+00:00
2591813,19,Women 35-39,90,2276,89.9656,2253,2283,200,cache,Overhead Squat 3RM,"100
                                       lb",100,lb,45.4,,2026-07-12T17:16:21.825186+00:00
2591813,19,Women 35-39,90,2276,89.9656,2253,2283,200,cache,Push Jerk 1RM,"160
                                       lb",160,lb,72.6,,2026-07-12T17:16:21.825186+00:00
2591813,19,Women 35-39,90,2276,89.9656,2253,2283,200,cache,Push Press 1RM,"135
                                       lb",135,lb,61.2,,2026-07-12T17:16:21.825186+00:00
2591813,19,Women 35-39,90,2276,89.9656,2253,2283,200,cache,Shoulder Press 1RM,"105
                                       lb",105,lb,47.6,,2026-07-12T17:16:21.825186+00:00
2591813,19,Women 35-39,90,2276,89.9656,2253,2283,200,cache,Squat Clean 1RM,"175
                                       lb",175,lb,79.4,,2026-07-12T17:16:21.825186+00:00
2591813,19,Women 35-39,90,2276,89.9656,2253,2283,200,cache,Squat Snatch 1RM,"125
                                       lb",125,lb,56.7,,2026-07-12T17:16:21.825186+00:00
2591813,19,Women 35-39,90,2276,89.9656,2253,2283,200,cache,Thruster 1RM,"150
                                       lb",150,lb,68.0,,2026-07-12T17:16:21.825186+00:00
545503,19,Women 35-39,90,2277,89.9612,2253,2283,200,cache,Back Squat 1RM,"320
                                       lb",320,lb,145.1,,2026-07-12T17:16:21.825186+00:00
545503,19,Women 35-39,90,2277,89.9612,2253,2283,200,cache,CHAD1000x,101:36,,,,,2026-07-12T17:16:21.825186+00:00
545503,19,Women 35-39,90,2277,89.9612,2253,2283,200,cache,Clean & Jerk 1RM,"195
                                       lb",195,lb,88.5,,2026-07-12T17:16:21.825186+00:00
545503,19,Women 35-39,90,2277,89.9612,2253,2283,200,cache,Deadlift 1RM,"370
                                       lb",370,lb,167.8,,2026-07-12T17:16:21.825186+00:00
545503,19,Women 35-39,90,2277,89.9612,2253,2283,200,cache,Squat Snatch 1RM,"155
                                       lb",155,lb,70.3,,2026-07-12T17:16:21.825186+00:00
524051,19,Women 35-39,90,2279,89.9524,2253,2283,200,cache,Back Squat 1RM,"245
                                       lb",245,lb,111.1,,2026-07-12T17:16:21.825186+00:00
524051,19,Women 35-39,90,2279,89.9524,2253,2283,200,cache,Clean & Jerk 1RM,"205
                                       lb",205,lb,93.0,,2026-07-12T17:16:21.825186+00:00
524051,19,Women 35-39,90,2279,89.9524,2253,2283,200,cache,Deadlift 1RM,"300
                                       lb",300,lb,136.1,,2026-07-12T17:16:21.825186+00:00
524051,19,Women 35-39,90,2279,89.9524,2253,2283,200,cache,Squat Snatch 1RM,"165
                                       lb",165,lb,74.8,,2026-07-12T17:16:21.825186+00:00
1785796,19,Women 35-39,90,2282,89.9391,2253,2283,200,cache,Back Squat 1RM,"195
                                       lb",195,lb,88.5,,2026-07-12T17:16:21.825186+00:00
1785796,19,Women 35-39,90,2282,89.9391,2253,2283,200,cache,Bar Muscle-ups,"3
                                       reps",3,reps,,,2026-07-12T17:16:21.825186+00:00
1785796,19,Women 35-39,90,2282,89.9391,2253,2283,200,cache,Bench Press 1RM,"135
                                       lb",135,lb,61.2,,2026-07-12T17:16:21.825186+00:00
1785796,19,Women 35-39,90,2282,89.9391,2253,2283,200,cache,Bench Press 3RM,"135
                                       lb",135,lb,61.2,,2026-07-12T17:16:21.825186+00:00
1785796,19,Women 35-39,90,2282,89.9391,2253,2283,200,cache,Bench Press 5RM,"135
                                       lb",135,lb,61.2,,2026-07-12T17:16:21.825186+00:00
1785796,19,Women 35-39,90,2282,89.9391,2253,2283,200,cache,Clean & Jerk 1RM,"155
                                       lb",155,lb,70.3,,2026-07-12T17:16:21.825186+00:00
1785796,19,Women 35-39,90,2282,89.9391,2253,2283,200,cache,Deadlift 1RM,"260
                                       lb",260,lb,117.9,,2026-07-12T17:16:21.825186+00:00
1785796,19,Women 35-39,90,2282,89.9391,2253,2283,200,cache,Fight Gone Bad,"346
                                       reps",346,reps,,,2026-07-12T17:16:21.825186+00:00
1785796,19,Women 35-39,90,2282,89.9391,2253,2283,200,cache,Filthy 50,22:42,,,,1362,2026-07-12T17:16:21.825186+00:00
1785796,19,Women 35-39,90,2282,89.9391,2253,2283,200,cache,Fran,09:19,,,,559,2026-07-12T17:16:21.825186+00:00
1785796,19,Women 35-39,90,2282,89.9391,2253,2283,200,cache,Grace,04:58,,,,298,2026-07-12T17:16:21.825186+00:00
1785796,19,Women 35-39,90,2282,89.9391,2253,2283,200,cache,Helen,09:12,,,,552,2026-07-12T17:16:21.825186+00:00
1785796,19,Women 35-39,90,2282,89.9391,2253,2283,200,cache,Murph,47:02,,,,2822,2026-07-12T17:16:21.825186+00:00
1785796,19,Women 35-39,90,2282,89.9391,2253,2283,200,cache,Power Clean 1RM,"155
                                       lb",155,lb,70.3,,2026-07-12T17:16:21.825186+00:00
1785796,19,Women 35-39,90,2282,89.9391,2253,2283,200,cache,Shoulder Press 1RM,"90
                                       lb",90,lb,40.8,,2026-07-12T17:16:21.825186+00:00
1785796,19,Women 35-39,90,2282,89.9391,2253,2283,200,cache,Squat Snatch 1RM,"125
                                       lb",125,lb,56.7,,2026-07-12T17:16:21.825186+00:00
1785796,19,Women 35-39,90,2282,89.9391,2253,2283,200,cache,Thruster 1RM,"145
                                       lb",145,lb,65.8,,2026-07-12T17:16:21.825186+00:00
2602636,19,Women 35-39,90,2283,89.9347,2253,2283,200,cache,Andi,26:50,,,,1610,2026-07-12T17:16:21.825186+00:00
2602636,19,Women 35-39,90,2283,89.9347,2253,2283,200,cache,Back Squat 1RM,"90
                                       kg",90,kg,90.0,,2026-07-12T17:16:21.825186+00:00
2602636,19,Women 35-39,90,2283,89.9347,2253,2283,200,cache,Bench Press 1RM,"52
                                       kg",52,kg,52.0,,2026-07-12T17:16:21.825186+00:00
2602636,19,Women 35-39,90,2283,89.9347,2253,2283,200,cache,Clean & Jerk 1RM,"60
                                       kg",60,kg,60.0,,2026-07-12T17:16:21.825186+00:00
2602636,19,Women 35-39,90,2283,89.9347,2253,2283,200,cache,Deadlift 1RM,"130
                                       kg",130,kg,130.0,,2026-07-12T17:16:21.825186+00:00
2602636,19,Women 35-39,90,2283,89.9347,2253,2283,200,cache,Fran,05:48,,,,348,2026-07-12T17:16:21.825186+00:00
2602636,19,Women 35-39,90,2283,89.9347,2253,2283,200,cache,Front Squat 1RM,"82
                                       kg",82,kg,82.0,,2026-07-12T17:16:21.825186+00:00
2602636,19,Women 35-39,90,2283,89.9347,2253,2283,200,cache,Grace,05:07,,,,307,2026-07-12T17:16:21.825186+00:00
2602636,19,Women 35-39,90,2283,89.9347,2253,2283,200,cache,Murph,56:40,,,,3400,2026-07-12T17:16:21.825186+00:00
2602636,19,Women 35-39,90,2283,89.9347,2253,2283,200,cache,Overhead Squat 1RM,"55
                                       kg",55,kg,55.0,,2026-07-12T17:16:21.825186+00:00
2602636,19,Women 35-39,90,2283,89.9347,2253,2283,200,cache,Power Clean 1RM,"57
                                       kg",57,kg,57.0,,2026-07-12T17:16:21.825186+00:00
2602636,19,Women 35-39,90,2283,89.9347,2253,2283,200,cache,Power Snatch 1RM,"50
                                       kg",50,kg,50.0,,2026-07-12T17:16:21.825186+00:00
2602636,19,Women 35-39,90,2283,89.9347,2253,2283,200,cache,Pull-ups,"24
                                       reps",24,reps,,,2026-07-12T17:16:21.825186+00:00
2602636,19,Women 35-39,90,2283,89.9347,2253,2283,200,cache,Row 2000m,08:16,,,,496,2026-07-12T17:16:21.825186+00:00
2602636,19,Women 35-39,90,2283,89.9347,2253,2283,200,cache,Run 10K,52:10,,,,3130,2026-07-12T17:16:21.825186+00:00
2602636,19,Women 35-39,90,2283,89.9347,2253,2283,200,cache,Run 400m,01:36,,,,96,2026-07-12T17:16:21.825186+00:00
2602636,19,Women 35-39,90,2283,89.9347,2253,2283,200,cache,Run 5k,24:41,,,,1481,2026-07-12T17:16:21.825186+00:00
2602636,19,Women 35-39,90,2283,89.9347,2253,2283,200,cache,Squat Clean 1RM,"67
                                       kg",67,kg,67.0,,2026-07-12T17:16:21.825186+00:00
2602636,19,Women 35-39,90,2283,89.9347,2253,2283,200,cache,Squat Snatch 1RM,"44
                                       kg",44,kg,44.0,,2026-07-12T17:16:21.825186+00:00
2602636,19,Women 35-39,90,2283,89.9347,2253,2283,200,cache,Strict Handstand Push-ups,"6
                                       reps",6,reps,,,2026-07-12T17:16:21.825186+00:00
2602636,19,Women 35-39,90,2283,89.9347,2253,2283,200,cache,Strict Pull-ups,"10
                                       reps",10,reps,,,2026-07-12T17:16:21.825186+00:00
2602636,19,Women 35-39,90,2283,89.9347,2253,2283,200,cache,Thruster 1RM,"57
                                       kg",57,kg,57.0,,2026-07-12T17:16:21.825186+00:00
2602636,19,Women 35-39,90,2283,89.9347,2253,2283,200,cache,Toes-to-Bar,"26
                                       reps",26,reps,,,2026-07-12T17:16:21.825186+00:00
2602636,19,Women 35-39,90,2283,89.9347,2253,2283,200,cache,Wall Handstand Hold,04:00,,,,240,2026-07-12T17:16:21.825186+00:00
304717,19,Women 35-39,95,1119,95.0688,1119,1149,200,cache,Back Squat 1RM,"295
                                       lb",295,lb,133.8,,2026-07-12T17:16:21.825186+00:00
304717,19,Women 35-39,95,1119,95.0688,1119,1149,200,cache,Clean & Jerk 1RM,"215
                                       lb",215,lb,97.5,,2026-07-12T17:16:21.825186+00:00
304717,19,Women 35-39,95,1119,95.0688,1119,1149,200,cache,Deadlift 1RM,"360
                                       lb",360,lb,163.3,,2026-07-12T17:16:21.825186+00:00
304717,19,Women 35-39,95,1119,95.0688,1119,1149,200,cache,Filthy 50,22:33,,,,1353,2026-07-12T17:16:21.825186+00:00
304717,19,Women 35-39,95,1119,95.0688,1119,1149,200,cache,Fran,02:30,,,,150,2026-07-12T17:16:21.825186+00:00
304717,19,Women 35-39,95,1119,95.0688,1119,1149,200,cache,Grace,02:30,,,,150,2026-07-12T17:16:21.825186+00:00
304717,19,Women 35-39,95,1119,95.0688,1119,1149,200,cache,Squat Snatch 1RM,"155
                                       lb",155,lb,70.3,,2026-07-12T17:16:21.825186+00:00
351639,19,Women 35-39,95,1121,95.0600,1119,1149,200,cache,Back Squat 1RM,"275
                                       lb",275,lb,124.7,,2026-07-12T17:16:21.825186+00:00
351639,19,Women 35-39,95,1121,95.0600,1119,1149,200,cache,Clean & Jerk 1RM,"215
                                       lb",215,lb,97.5,,2026-07-12T17:16:21.825186+00:00
351639,19,Women 35-39,95,1121,95.0600,1119,1149,200,cache,Deadlift 1RM,"305
                                       lb",305,lb,138.3,,2026-07-12T17:16:21.825186+00:00
351639,19,Women 35-39,95,1121,95.0600,1119,1149,200,cache,Fight Gone Bad,"355
                                       reps",355,reps,,,2026-07-12T17:16:21.825186+00:00
351639,19,Women 35-39,95,1121,95.0600,1119,1149,200,cache,Filthy 50,21:30,,,,1290,2026-07-12T17:16:21.825186+00:00
351639,19,Women 35-39,95,1121,95.0600,1119,1149,200,cache,Fran,03:45,,,,225,2026-07-12T17:16:21.825186+00:00
351639,19,Women 35-39,95,1121,95.0600,1119,1149,200,cache,Grace,01:55,,,,115,2026-07-12T17:16:21.825186+00:00
351639,19,Women 35-39,95,1121,95.0600,1119,1149,200,cache,Helen,11:02,,,,662,2026-07-12T17:16:21.825186+00:00
351639,19,Women 35-39,95,1121,95.0600,1119,1149,200,cache,Pull-ups,"17
                                       reps",17,reps,,,2026-07-12T17:16:21.825186+00:00
351639,19,Women 35-39,95,1121,95.0600,1119,1149,200,cache,Run 5k,27:26,,,,1646,2026-07-12T17:16:21.825186+00:00
351639,19,Women 35-39,95,1121,95.0600,1119,1149,200,cache,Squat Snatch 1RM,"182
                                       lb",182,lb,82.6,,2026-07-12T17:16:21.825186+00:00
2782686,19,Women 35-39,95,1124,95.0468,1119,1149,200,cache,Back Squat 1RM,"136
                                       kg",136,kg,136.0,,2026-07-12T17:16:21.825186+00:00
2782686,19,Women 35-39,95,1124,95.0468,1119,1149,200,cache,Back Squat 3RM,"115
                                       kg",115,kg,115.0,,2026-07-12T17:16:21.825186+00:00
2782686,19,Women 35-39,95,1124,95.0468,1119,1149,200,cache,Back Squat 5RM,"120
                                       kg",120,kg,120.0,,2026-07-12T17:16:21.825186+00:00
2782686,19,Women 35-39,95,1124,95.0468,1119,1149,200,cache,Barbara,42:00,,,,2520,2026-07-12T17:16:21.825186+00:00
2782686,19,Women 35-39,95,1124,95.0468,1119,1149,200,cache,Bench Press 1RM,"83
                                       kg",83,kg,83.0,,2026-07-12T17:16:21.825186+00:00
2782686,19,Women 35-39,95,1124,95.0468,1119,1149,200,cache,CHAD1000x,50:07,,,,3007,2026-07-12T17:16:21.825186+00:00
2782686,19,Women 35-39,95,1124,95.0468,1119,1149,200,cache,Cindy,"17
                                       reps",17,reps,,,2026-07-12T17:16:21.825186+00:00
2782686,19,Women 35-39,95,1124,95.0468,1119,1149,200,cache,Clean & Jerk 1RM,"70
                                       kg",70,kg,70.0,,2026-07-12T17:16:21.825186+00:00
2782686,19,Women 35-39,95,1124,95.0468,1119,1149,200,cache,Deadlift 1RM,"172
                                       kg",172,kg,172.0,,2026-07-12T17:16:21.825186+00:00
2782686,19,Women 35-39,95,1124,95.0468,1119,1149,200,cache,Deadlift 3RM,"140
                                       kg",140,kg,140.0,,2026-07-12T17:16:21.825186+00:00
2782686,19,Women 35-39,95,1124,95.0468,1119,1149,200,cache,Deadlift 5RM,"140
                                       kg",140,kg,140.0,,2026-07-12T17:16:21.825186+00:00
2782686,19,Women 35-39,95,1124,95.0468,1119,1149,200,cache,Fran,06:34,,,,394,2026-07-12T17:16:21.825186+00:00
2782686,19,Women 35-39,95,1124,95.0468,1119,1149,200,cache,Front Squat 1RM,"115
                                       kg",115,kg,115.0,,2026-07-12T17:16:21.825186+00:00
2782686,19,Women 35-39,95,1124,95.0468,1119,1149,200,cache,Front Squat 3RM,"91
                                       kg",91,kg,91.0,,2026-07-12T17:16:21.825186+00:00
2782686,19,Women 35-39,95,1124,95.0468,1119,1149,200,cache,Grace,03:29,,,,209,2026-07-12T17:16:21.825186+00:00
2782686,19,Women 35-39,95,1124,95.0468,1119,1149,200,cache,Hang Power Clean 1RM,"65
                                       kg",65,kg,65.0,,2026-07-12T17:16:21.825186+00:00
2782686,19,Women 35-39,95,1124,95.0468,1119,1149,200,cache,Hang Power Snatch 1RM,"49
                                       kg",49,kg,49.0,,2026-07-12T17:16:21.825186+00:00
2782686,19,Women 35-39,95,1124,95.0468,1119,1149,200,cache,Hang Squat Clean 1RM,"70
                                       kg",70,kg,70.0,,2026-07-12T17:16:21.825186+00:00
2782686,19,Women 35-39,95,1124,95.0468,1119,1149,200,cache,Murph,46:08,,,,2768,2026-07-12T17:16:21.825186+00:00
2782686,19,Women 35-39,95,1124,95.0468,1119,1149,200,cache,Overhead Squat 1RM,"68
                                       kg",68,kg,68.0,,2026-07-12T17:16:21.825186+00:00
2782686,19,Women 35-39,95,1124,95.0468,1119,1149,200,cache,Power Clean 1RM,"74
                                       kg",74,kg,74.0,,2026-07-12T17:16:21.825186+00:00
2782686,19,Women 35-39,95,1124,95.0468,1119,1149,200,cache,Power Snatch 1RM,"53
                                       kg",53,kg,53.0,,2026-07-12T17:16:21.825186+00:00
2782686,19,Women 35-39,95,1124,95.0468,1119,1149,200,cache,Push Jerk 1RM,"55
                                       kg",55,kg,55.0,,2026-07-12T17:16:21.825186+00:00
2782686,19,Women 35-39,95,1124,95.0468,1119,1149,200,cache,Push Press 1RM,"40
                                       kg",40,kg,40.0,,2026-07-12T17:16:21.825186+00:00
2782686,19,Women 35-39,95,1124,95.0468,1119,1149,200,cache,Shoulder Press 1RM,"52
                                       kg",52,kg,52.0,,2026-07-12T17:16:21.825186+00:00
2782686,19,Women 35-39,95,1124,95.0468,1119,1149,200,cache,Split Jerk 1RM,"65
                                       kg",65,kg,65.0,,2026-07-12T17:16:21.825186+00:00
2782686,19,Women 35-39,95,1124,95.0468,1119,1149,200,cache,Squat Clean 1RM,"65
                                       kg",65,kg,65.0,,2026-07-12T17:16:21.825186+00:00
2782686,19,Women 35-39,95,1124,95.0468,1119,1149,200,cache,Squat Snatch 1RM,"53
                                       kg",53,kg,53.0,,2026-07-12T17:16:21.825186+00:00
2782686,19,Women 35-39,95,1124,95.0468,1119,1149,200,cache,Thruster 1RM,"62
                                       kg",62,kg,62.0,,2026-07-12T17:16:21.825186+00:00
2782686,19,Women 35-39,95,1124,95.0468,1119,1149,200,cache,Weighted Pull-up 1RM,"18
                                       kg",18,kg,18.0,,2026-07-12T17:16:21.825186+00:00
1601083,19,Women 35-39,95,1132,95.0115,1119,1149,200,cache,Back Squat 1RM,"87
                                       kg",87,kg,87.0,,2026-07-12T17:16:21.825186+00:00
1601083,19,Women 35-39,95,1132,95.0115,1119,1149,200,cache,Bench Press 1RM,"47
                                       kg",47,kg,47.0,,2026-07-12T17:16:21.825186+00:00
1601083,19,Women 35-39,95,1132,95.0115,1119,1149,200,cache,Clean & Jerk 1RM,"63
                                       kg",63,kg,63.0,,2026-07-12T17:16:21.825186+00:00
1601083,19,Women 35-39,95,1132,95.0115,1119,1149,200,cache,Deadlift 1RM,"122
                                       kg",122,kg,122.0,,2026-07-12T17:16:21.825186+00:00
1601083,19,Women 35-39,95,1132,95.0115,1119,1149,200,cache,Power Clean 1RM,"67
                                       kg",67,kg,67.0,,2026-07-12T17:16:21.825186+00:00
1601083,19,Women 35-39,95,1132,95.0115,1119,1149,200,cache,Squat Clean 1RM,"64
                                       kg",64,kg,64.0,,2026-07-12T17:16:21.825186+00:00
1601083,19,Women 35-39,95,1132,95.0115,1119,1149,200,cache,Thruster 1RM,"55
                                       kg",55,kg,55.0,,2026-07-12T17:16:21.825186+00:00
240101,19,Women 35-39,95,1138,94.9850,1119,1149,200,cache,Back Squat 1RM,"290
                                       lb",290,lb,131.5,,2026-07-12T17:16:21.825186+00:00
240101,19,Women 35-39,95,1138,94.9850,1119,1149,200,cache,Clean & Jerk 1RM,"220
                                       lb",220,lb,99.8,,2026-07-12T17:16:21.825186+00:00
240101,19,Women 35-39,95,1138,94.9850,1119,1149,200,cache,Deadlift 1RM,"315
                                       lb",315,lb,142.9,,2026-07-12T17:16:21.825186+00:00
240101,19,Women 35-39,95,1138,94.9850,1119,1149,200,cache,Fran,02:32,,,,152,2026-07-12T17:16:21.825186+00:00
240101,19,Women 35-39,95,1138,94.9850,1119,1149,200,cache,Grace,01:46,,,,106,2026-07-12T17:16:21.825186+00:00
240101,19,Women 35-39,95,1138,94.9850,1119,1149,200,cache,Pull-ups,"30
                                       reps",30,reps,,,2026-07-12T17:16:21.825186+00:00
240101,19,Women 35-39,95,1138,94.9850,1119,1149,200,cache,Squat Snatch 1RM,"185
                                       lb",185,lb,83.9,,2026-07-12T17:16:21.825186+00:00
1636928,19,Women 35-39,95,1142,94.9674,1119,1149,200,cache,Back Squat 1RM,"217
                                       lb",217,lb,98.4,,2026-07-12T17:16:21.825186+00:00
1636928,19,Women 35-39,95,1142,94.9674,1119,1149,200,cache,Clean & Jerk 1RM,"180
                                       lb",180,lb,81.6,,2026-07-12T17:16:21.825186+00:00
1636928,19,Women 35-39,95,1142,94.9674,1119,1149,200,cache,Deadlift 1RM,"255
                                       lb",255,lb,115.7,,2026-07-12T17:16:21.825186+00:00
1636928,19,Women 35-39,95,1142,94.9674,1119,1149,200,cache,Fran,03:15,,,,195,2026-07-12T17:16:21.825186+00:00
1636928,19,Women 35-39,95,1142,94.9674,1119,1149,200,cache,Grace,02:19,,,,139,2026-07-12T17:16:21.825186+00:00
1636928,19,Women 35-39,95,1142,94.9674,1119,1149,200,cache,Helen,09:33,,,,573,2026-07-12T17:16:21.825186+00:00
1636928,19,Women 35-39,95,1142,94.9674,1119,1149,200,cache,Run 5k,27:08,,,,1628,2026-07-12T17:16:21.825186+00:00
1636928,19,Women 35-39,95,1142,94.9674,1119,1149,200,cache,Squat Snatch 1RM,"140
                                       lb",140,lb,63.5,,2026-07-12T17:16:21.825186+00:00
2053918,19,Women 35-39,95,1143,94.9629,1119,1149,200,cache,Back Squat 1RM,"125
                                       kg",125,kg,125.0,,2026-07-12T17:16:21.825186+00:00
2053918,19,Women 35-39,95,1143,94.9629,1119,1149,200,cache,Bench Press 1RM,"75
                                       kg",75,kg,75.0,,2026-07-12T17:16:21.825186+00:00
2053918,19,Women 35-39,95,1143,94.9629,1119,1149,200,cache,Deadlift 1RM,"145
                                       kg",145,kg,145.0,,2026-07-12T17:16:21.825186+00:00
2053918,19,Women 35-39,95,1143,94.9629,1119,1149,200,cache,Front Squat 1RM,"115
                                       kg",115,kg,115.0,,2026-07-12T17:16:21.825186+00:00
2053918,19,Women 35-39,95,1143,94.9629,1119,1149,200,cache,Power Clean 1RM,"85
                                       kg",85,kg,85.0,,2026-07-12T17:16:21.825186+00:00
2053918,19,Women 35-39,95,1143,94.9629,1119,1149,200,cache,Push Press 1RM,"75
                                       kg",75,kg,75.0,,2026-07-12T17:16:21.825186+00:00
2053918,19,Women 35-39,95,1143,94.9629,1119,1149,200,cache,Weighted Pull-up 1RM,"25
                                       kg",25,kg,25.0,,2026-07-12T17:16:21.825186+00:00
233333,19,Women 35-39,99,213,99.0649,212,242,200,cache,Back Squat 1RM,"280
                                       lb",280,lb,127.0,,2026-07-12T17:16:21.825186+00:00
233333,19,Women 35-39,99,213,99.0649,212,242,200,cache,Clean & Jerk 1RM,"175
                                       lb",175,lb,79.4,,2026-07-12T17:16:21.825186+00:00
233333,19,Women 35-39,99,213,99.0649,212,242,200,cache,Deadlift 1RM,"325
                                       lb",325,lb,147.4,,2026-07-12T17:16:21.825186+00:00
233333,19,Women 35-39,99,213,99.0649,212,242,200,cache,Fight Gone Bad,"387
                                       reps",387,reps,,,2026-07-12T17:16:21.825186+00:00
233333,19,Women 35-39,99,213,99.0649,212,242,200,cache,Filthy 50,17:43,,,,1063,2026-07-12T17:16:21.825186+00:00
233333,19,Women 35-39,99,213,99.0649,212,242,200,cache,Front Squat 1RM,"200
                                       lb",200,lb,90.7,,2026-07-12T17:16:21.825186+00:00
233333,19,Women 35-39,99,213,99.0649,212,242,200,cache,Pull-ups,"38
                                       reps",38,reps,,,2026-07-12T17:16:21.825186+00:00
233333,19,Women 35-39,99,213,99.0649,212,242,200,cache,Run 400m,00:58,,,,58,2026-07-12T17:16:21.825186+00:00
233333,19,Women 35-39,99,213,99.0649,212,242,200,cache,Run 5k,21:02,,,,1262,2026-07-12T17:16:21.825186+00:00
233333,19,Women 35-39,99,213,99.0649,212,242,200,cache,Squat Snatch 1RM,"130
                                       lb",130,lb,59.0,,2026-07-12T17:16:21.825186+00:00
240322,19,Women 35-39,99,216,99.0517,212,242,200,cache,Back Squat 1RM,"220
                                       lb",220,lb,99.8,,2026-07-12T17:16:21.825186+00:00
240322,19,Women 35-39,99,216,99.0517,212,242,200,cache,Bench Press 1RM,"157
                                       lb",157,lb,71.2,,2026-07-12T17:16:21.825186+00:00
240322,19,Women 35-39,99,216,99.0517,212,242,200,cache,Clean & Jerk 1RM,"175
                                       lb",175,lb,79.4,,2026-07-12T17:16:21.825186+00:00
240322,19,Women 35-39,99,216,99.0517,212,242,200,cache,Deadlift 1RM,"295
                                       lb",295,lb,133.8,,2026-07-12T17:16:21.825186+00:00
240322,19,Women 35-39,99,216,99.0517,212,242,200,cache,Fight Gone Bad,"336
                                       reps",336,reps,,,2026-07-12T17:16:21.825186+00:00
240322,19,Women 35-39,99,216,99.0517,212,242,200,cache,Filthy 50,26:07,,,,1567,2026-07-12T17:16:21.825186+00:00
240322,19,Women 35-39,99,216,99.0517,212,242,200,cache,Fran,03:59,,,,239,2026-07-12T17:16:21.825186+00:00
240322,19,Women 35-39,99,216,99.0517,212,242,200,cache,Front Squat 1RM,"195
                                       lb",195,lb,88.5,,2026-07-12T17:16:21.825186+00:00
240322,19,Women 35-39,99,216,99.0517,212,242,200,cache,Grace,03:19,,,,199,2026-07-12T17:16:21.825186+00:00
240322,19,Women 35-39,99,216,99.0517,212,242,200,cache,Hang Power Clean 1RM,"155
                                       lb",155,lb,70.3,,2026-07-12T17:16:21.825186+00:00
240322,19,Women 35-39,99,216,99.0517,212,242,200,cache,Hang Power Snatch 1RM,"115
                                       lb",115,lb,52.2,,2026-07-12T17:16:21.825186+00:00
240322,19,Women 35-39,99,216,99.0517,212,242,200,cache,Hang Squat Clean 1RM,"185
                                       lb",185,lb,83.9,,2026-07-12T17:16:21.825186+00:00
240322,19,Women 35-39,99,216,99.0517,212,242,200,cache,Hang Squat Snatch 1RM,"135
                                       lb",135,lb,61.2,,2026-07-12T17:16:21.825186+00:00
240322,19,Women 35-39,99,216,99.0517,212,242,200,cache,Helen,07:32,,,,452,2026-07-12T17:16:21.825186+00:00
240322,19,Women 35-39,99,216,99.0517,212,242,200,cache,Power Clean 1RM,"175
                                       lb",175,lb,79.4,,2026-07-12T17:16:21.825186+00:00
240322,19,Women 35-39,99,216,99.0517,212,242,200,cache,Power Snatch 1RM,"135
                                       lb",135,lb,61.2,,2026-07-12T17:16:21.825186+00:00
240322,19,Women 35-39,99,216,99.0517,212,242,200,cache,Pull-ups,"33
                                       reps",33,reps,,,2026-07-12T17:16:21.825186+00:00
240322,19,Women 35-39,99,216,99.0517,212,242,200,cache,Run 5k,21:16,,,,1276,2026-07-12T17:16:21.825186+00:00
240322,19,Women 35-39,99,216,99.0517,212,242,200,cache,Squat Snatch 1RM,"130
                                       lb",130,lb,59.0,,2026-07-12T17:16:21.825186+00:00
169047,19,Women 35-39,99,218,99.0429,212,242,200,cache,Back Squat 1RM,"275
                                       lb",275,lb,124.7,,2026-07-12T17:16:21.825186+00:00
169047,19,Women 35-39,99,218,99.0429,212,242,200,cache,Clean & Jerk 1RM,"210
                                       lb",210,lb,95.3,,2026-07-12T17:16:21.825186+00:00
169047,19,Women 35-39,99,218,99.0429,212,242,200,cache,Deadlift 1RM,"375
                                       lb",375,lb,170.1,,2026-07-12T17:16:21.825186+00:00
169047,19,Women 35-39,99,218,99.0429,212,242,200,cache,Fran,02:37,,,,157,2026-07-12T17:16:21.825186+00:00
169047,19,Women 35-39,99,218,99.0429,212,242,200,cache,Grace,02:11,,,,131,2026-07-12T17:16:21.825186+00:00
169047,19,Women 35-39,99,218,99.0429,212,242,200,cache,Pull-ups,"40
                                       reps",40,reps,,,2026-07-12T17:16:21.825186+00:00
169047,19,Women 35-39,99,218,99.0429,212,242,200,cache,Run 400m,01:03,,,,63,2026-07-12T17:16:21.825186+00:00
169047,19,Women 35-39,99,218,99.0429,212,242,200,cache,Run 5k,21:00,,,,1260,2026-07-12T17:16:21.825186+00:00
169047,19,Women 35-39,99,218,99.0429,212,242,200,cache,Squat Snatch 1RM,"160
                                       lb",160,lb,72.6,,2026-07-12T17:16:21.825186+00:00
730608,19,Women 35-39,99,221,99.0296,212,242,200,cache,Back Squat 1RM,"125
                                       kg",125,kg,125.0,,2026-07-12T17:16:21.825186+00:00
730608,19,Women 35-39,99,221,99.0296,212,242,200,cache,Clean & Jerk 1RM,"95
                                       kg",95,kg,95.0,,2026-07-12T17:16:21.825186+00:00
730608,19,Women 35-39,99,221,99.0296,212,242,200,cache,Deadlift 1RM,"140
                                       kg",140,kg,140.0,,2026-07-12T17:16:21.825186+00:00
730608,19,Women 35-39,99,221,99.0296,212,242,200,cache,Squat Snatch 1RM,"75
                                       kg",75,kg,75.0,,2026-07-12T17:16:21.825186+00:00
508906,19,Women 35-39,99,222,99.0252,212,242,200,cache,Back Squat 1RM,"225
                                       lb",225,lb,102.1,,2026-07-12T17:16:21.825186+00:00
508906,19,Women 35-39,99,222,99.0252,212,242,200,cache,Clean & Jerk 1RM,"180
                                       lb",180,lb,81.6,,2026-07-12T17:16:21.825186+00:00
508906,19,Women 35-39,99,222,99.0252,212,242,200,cache,Deadlift 1RM,"270
                                       lb",270,lb,122.5,,2026-07-12T17:16:21.825186+00:00
508906,19,Women 35-39,99,222,99.0252,212,242,200,cache,Squat Snatch 1RM,"140
                                       lb",140,lb,63.5,,2026-07-12T17:16:21.825186+00:00
1410136,19,Women 35-39,99,223,99.0208,212,242,200,cache,Back Squat 1RM,"275
                                       lb",275,lb,124.7,,2026-07-12T17:16:21.825186+00:00
1410136,19,Women 35-39,99,223,99.0208,212,242,200,cache,Bench Press 1RM,"175
                                       lb",175,lb,79.4,,2026-07-12T17:16:21.825186+00:00
1410136,19,Women 35-39,99,223,99.0208,212,242,200,cache,Clean & Jerk 1RM,"210
                                       lb",210,lb,95.3,,2026-07-12T17:16:21.825186+00:00
1410136,19,Women 35-39,99,223,99.0208,212,242,200,cache,Deadlift 1RM,"315
                                       lb",315,lb,142.9,,2026-07-12T17:16:21.825186+00:00
1410136,19,Women 35-39,99,223,99.0208,212,242,200,cache,Front Squat 1RM,"230
                                       lb",230,lb,104.3,,2026-07-12T17:16:21.825186+00:00
1410136,19,Women 35-39,99,223,99.0208,212,242,200,cache,Power Clean 1RM,"215
                                       lb",215,lb,97.5,,2026-07-12T17:16:21.825186+00:00
1410136,19,Women 35-39,99,223,99.0208,212,242,200,cache,Power Snatch 1RM,"165
                                       lb",165,lb,74.8,,2026-07-12T17:16:21.825186+00:00
1410136,19,Women 35-39,99,223,99.0208,212,242,200,cache,Squat Snatch 1RM,"175
                                       lb",175,lb,79.4,,2026-07-12T17:16:21.825186+00:00
872900,19,Women 35-39,99,225,99.0120,212,242,200,cache,Back Squat 1RM,"100
                                       kg",100,kg,100.0,,2026-07-12T17:16:21.825186+00:00
872900,19,Women 35-39,99,225,99.0120,212,242,200,cache,Clean & Jerk 1RM,"78
                                       kg",78,kg,78.0,,2026-07-12T17:16:21.825186+00:00
872900,19,Women 35-39,99,225,99.0120,212,242,200,cache,Deadlift 1RM,"120
                                       kg",120,kg,120.0,,2026-07-12T17:16:21.825186+00:00
872900,19,Women 35-39,99,225,99.0120,212,242,200,cache,Filthy 50,30:50,,,,1850,2026-07-12T17:16:21.825186+00:00
872900,19,Women 35-39,99,225,99.0120,212,242,200,cache,Grace,05:27,,,,327,2026-07-12T17:16:21.825186+00:00
872900,19,Women 35-39,99,225,99.0120,212,242,200,cache,Squat Snatch 1RM,"60
                                       kg",60,kg,60.0,,2026-07-12T17:16:21.825186+00:00
683245,19,Women 35-39,99,228,98.9988,212,242,200,cache,Back Squat 1RM,"125
                                       kg",125,kg,125.0,,2026-07-12T17:16:21.825186+00:00
683245,19,Women 35-39,99,228,98.9988,212,242,200,cache,Clean & Jerk 1RM,"98
                                       kg",98,kg,98.0,,2026-07-12T17:16:21.825186+00:00
683245,19,Women 35-39,99,228,98.9988,212,242,200,cache,Deadlift 1RM,"130
                                       kg",130,kg,130.0,,2026-07-12T17:16:21.825186+00:00
683245,19,Women 35-39,99,228,98.9988,212,242,200,cache,Fran,02:46,,,,166,2026-07-12T17:16:21.825186+00:00
683245,19,Women 35-39,99,228,98.9988,212,242,200,cache,Grace,01:17,,,,77,2026-07-12T17:16:21.825186+00:00
683245,19,Women 35-39,99,228,98.9988,212,242,200,cache,Pull-ups,"40
                                       reps",40,reps,,,2026-07-12T17:16:21.825186+00:00
683245,19,Women 35-39,99,228,98.9988,212,242,200,cache,Squat Snatch 1RM,"83
                                       kg",83,kg,83.0,,2026-07-12T17:16:21.825186+00:00
724728,19,Women 35-39,99,234,98.9723,212,242,200,cache,Back Squat 1RM,"125
                                       kg",125,kg,125.0,,2026-07-12T17:16:21.825186+00:00
724728,19,Women 35-39,99,234,98.9723,212,242,200,cache,Clean & Jerk 1RM,"85
                                       kg",85,kg,85.0,,2026-07-12T17:16:21.825186+00:00
724728,19,Women 35-39,99,234,98.9723,212,242,200,cache,Deadlift 1RM,"135
                                       kg",135,kg,135.0,,2026-07-12T17:16:21.825186+00:00
724728,19,Women 35-39,99,234,98.9723,212,242,200,cache,Fight Gone Bad,"411
                                       reps",411,reps,,,2026-07-12T17:16:21.825186+00:00
724728,19,Women 35-39,99,234,98.9723,212,242,200,cache,Fran,03:05,,,,185,2026-07-12T17:16:21.825186+00:00
724728,19,Women 35-39,99,234,98.9723,212,242,200,cache,Pull-ups,"11
                                       reps",11,reps,,,2026-07-12T17:16:21.825186+00:00
724728,19,Women 35-39,99,234,98.9723,212,242,200,cache,Squat Snatch 1RM,"55
                                       kg",55,kg,55.0,,2026-07-12T17:16:21.825186+00:00
164960,19,Women 35-39,99,236,98.9635,212,242,200,cache,30 Muscle-ups For Time,03:51,,,,231,2026-07-12T17:16:21.825186+00:00
164960,19,Women 35-39,99,236,98.9635,212,242,200,cache,Amanda,04:35,,,,275,2026-07-12T17:16:21.825186+00:00
164960,19,Women 35-39,99,236,98.9635,212,242,200,cache,Annie,05:32,,,,332,2026-07-12T17:16:21.825186+00:00
164960,19,Women 35-39,99,236,98.9635,212,242,200,cache,Back Squat 1RM,"290
                                       lb",290,lb,131.5,,2026-07-12T17:16:21.825186+00:00
164960,19,Women 35-39,99,236,98.9635,212,242,200,cache,Bar Muscle-ups,"21
                                       reps",21,reps,,,2026-07-12T17:16:21.825186+00:00
164960,19,Women 35-39,99,236,98.9635,212,242,200,cache,Clean & Jerk 1RM,"210
                                       lb",210,lb,95.3,,2026-07-12T17:16:21.825186+00:00
164960,19,Women 35-39,99,236,98.9635,212,242,200,cache,Deadlift 1RM,"355
                                       lb",355,lb,161.0,,2026-07-12T17:16:21.825186+00:00
164960,19,Women 35-39,99,236,98.9635,212,242,200,cache,Fight Gone Bad,"384
                                       reps",384,reps,,,2026-07-12T17:16:21.825186+00:00
164960,19,Women 35-39,99,236,98.9635,212,242,200,cache,Filthy 50,23:35,,,,1415,2026-07-12T17:16:21.825186+00:00
164960,19,Women 35-39,99,236,98.9635,212,242,200,cache,Fran,02:37,,,,157,2026-07-12T17:16:21.825186+00:00
164960,19,Women 35-39,99,236,98.9635,212,242,200,cache,Grace,02:51,,,,171,2026-07-12T17:16:21.825186+00:00
164960,19,Women 35-39,99,236,98.9635,212,242,200,cache,Helen,08:32,,,,512,2026-07-12T17:16:21.825186+00:00
164960,19,Women 35-39,99,236,98.9635,212,242,200,cache,Pull-ups,"40
                                       reps",40,reps,,,2026-07-12T17:16:21.825186+00:00
164960,19,Women 35-39,99,236,98.9635,212,242,200,cache,Squat Snatch 1RM,"167
                                       lb",167,lb,75.7,,2026-07-12T17:16:21.825186+00:00
1330751,19,Women 35-39,99,237,98.9591,212,242,200,cache,Back Squat 1RM,"270
                                       lb",270,lb,122.5,,2026-07-12T17:16:21.825186+00:00
1330751,19,Women 35-39,99,237,98.9591,212,242,200,cache,Clean & Jerk 1RM,"185
                                       lb",185,lb,83.9,,2026-07-12T17:16:21.825186+00:00
1330751,19,Women 35-39,99,237,98.9591,212,242,200,cache,Deadlift 1RM,"345
                                       lb",345,lb,156.5,,2026-07-12T17:16:21.825186+00:00
1330751,19,Women 35-39,99,237,98.9591,212,242,200,cache,Overhead Squat 1RM,"180
                                       lb",180,lb,81.6,,2026-07-12T17:16:21.825186+00:00
1330751,19,Women 35-39,99,237,98.9591,212,242,200,cache,Split Jerk 1RM,"200
                                       lb",200,lb,90.7,,2026-07-12T17:16:21.825186+00:00
1330751,19,Women 35-39,99,237,98.9591,212,242,200,cache,Squat Clean 1RM,"200
                                       lb",200,lb,90.7,,2026-07-12T17:16:21.825186+00:00
1330751,19,Women 35-39,99,237,98.9591,212,242,200,cache,Squat Snatch 1RM,"160
                                       lb",160,lb,72.6,,2026-07-12T17:16:21.825186+00:00
1390916,19,Women 35-39,99,238,98.9547,212,242,200,cache,Back Squat 1RM,"253
                                       lb",253,lb,114.8,,2026-07-12T17:16:21.825186+00:00
1390916,19,Women 35-39,99,238,98.9547,212,242,200,cache,Bench Press 1RM,"145
                                       lb",145,lb,65.8,,2026-07-12T17:16:21.825186+00:00
1390916,19,Women 35-39,99,238,98.9547,212,242,200,cache,Clean & Jerk 1RM,"195
                                       lb",195,lb,88.5,,2026-07-12T17:16:21.825186+00:00
1390916,19,Women 35-39,99,238,98.9547,212,242,200,cache,Deadlift 1RM,"340
                                       lb",340,lb,154.2,,2026-07-12T17:16:21.825186+00:00
1390916,19,Women 35-39,99,238,98.9547,212,242,200,cache,Front Squat 1RM,"250
                                       lb",250,lb,113.4,,2026-07-12T17:16:21.825186+00:00
1390916,19,Women 35-39,99,238,98.9547,212,242,200,cache,Hang Power Clean 1RM,"185
                                       lb",185,lb,83.9,,2026-07-12T17:16:21.825186+00:00
1390916,19,Women 35-39,99,238,98.9547,212,242,200,cache,Hang Power Snatch 1RM,"125
                                       lb",125,lb,56.7,,2026-07-12T17:16:21.825186+00:00
1390916,19,Women 35-39,99,238,98.9547,212,242,200,cache,Hang Squat Clean 1RM,"195
                                       lb",195,lb,88.5,,2026-07-12T17:16:21.825186+00:00
1390916,19,Women 35-39,99,238,98.9547,212,242,200,cache,Overhead Squat 1RM,"165
                                       lb",165,lb,74.8,,2026-07-12T17:16:21.825186+00:00
1390916,19,Women 35-39,99,238,98.9547,212,242,200,cache,Squat Snatch 1RM,"143
                                       lb",143,lb,64.9,,2026-07-12T17:16:21.825186+00:00
1390916,19,Women 35-39,99,238,98.9547,212,242,200,cache,Thruster 1RM,"165
                                       lb",165,lb,74.8,,2026-07-12T17:16:21.825186+00:00
1390916,19,Women 35-39,99,238,98.9547,212,242,200,cache,Weighted Pull-up 1RM,"25
                                       lb",25,lb,11.3,,2026-07-12T17:16:21.825186+00:00
215510,19,Women 35-39,99,241,98.9414,212,242,200,cache,Back Squat 1RM,"285
                                       lb",285,lb,129.3,,2026-07-12T17:16:21.825186+00:00
215510,19,Women 35-39,99,241,98.9414,212,242,200,cache,Back Squat 3RM,"250
                                       lb",250,lb,113.4,,2026-07-12T17:16:21.825186+00:00
215510,19,Women 35-39,99,241,98.9414,212,242,200,cache,Back Squat 5RM,"241
                                       lb",241,lb,109.3,,2026-07-12T17:16:21.825186+00:00
215510,19,Women 35-39,99,241,98.9414,212,242,200,cache,Bar Muscle-ups,"18
                                       reps",18,reps,,,2026-07-12T17:16:21.825186+00:00
215510,19,Women 35-39,99,241,98.9414,212,242,200,cache,Bench Press 1RM,"160
                                       lb",160,lb,72.6,,2026-07-12T17:16:21.825186+00:00
215510,19,Women 35-39,99,241,98.9414,212,242,200,cache,Chest-to-Bar Pull-ups,"42
                                       reps",42,reps,,,2026-07-12T17:16:21.825186+00:00
215510,19,Women 35-39,99,241,98.9414,212,242,200,cache,Clean & Jerk 1RM,"220
                                       lb",220,lb,99.8,,2026-07-12T17:16:21.825186+00:00
215510,19,Women 35-39,99,241,98.9414,212,242,200,cache,Deadlift 1RM,"345
                                       lb",345,lb,156.5,,2026-07-12T17:16:21.825186+00:00
215510,19,Women 35-39,99,241,98.9414,212,242,200,cache,Fight Gone Bad,"327
                                       reps",327,reps,,,2026-07-12T17:16:21.825186+00:00
215510,19,Women 35-39,99,241,98.9414,212,242,200,cache,Fran,02:38,,,,158,2026-07-12T17:16:21.825186+00:00
215510,19,Women 35-39,99,241,98.9414,212,242,200,cache,Front Squat 1RM,"250
                                       lb",250,lb,113.4,,2026-07-12T17:16:21.825186+00:00
215510,19,Women 35-39,99,241,98.9414,212,242,200,cache,Front Squat 3RM,"235
                                       lb",235,lb,106.6,,2026-07-12T17:16:21.825186+00:00
215510,19,Women 35-39,99,241,98.9414,212,242,200,cache,Handstand Push-ups,"48
                                       reps",48,reps,,,2026-07-12T17:16:21.825186+00:00
215510,19,Women 35-39,99,241,98.9414,212,242,200,cache,Muscle-ups,"11
                                       reps",11,reps,,,2026-07-12T17:16:21.825186+00:00
215510,19,Women 35-39,99,241,98.9414,212,242,200,cache,Power Clean 1RM,"205
                                       lb",205,lb,93.0,,2026-07-12T17:16:21.825186+00:00
215510,19,Women 35-39,99,241,98.9414,212,242,200,cache,Pull-ups,"42
                                       reps",42,reps,,,2026-07-12T17:16:21.825186+00:00
215510,19,Women 35-39,99,241,98.9414,212,242,200,cache,Push Press 1RM,"190
                                       lb",190,lb,86.2,,2026-07-12T17:16:21.825186+00:00
215510,19,Women 35-39,99,241,98.9414,212,242,200,cache,Run 5k,21:20,,,,1280,2026-07-12T17:16:21.825186+00:00
215510,19,Women 35-39,99,241,98.9414,212,242,200,cache,Split Jerk 1RM,"240
                                       lb",240,lb,108.9,,2026-07-12T17:16:21.825186+00:00
215510,19,Women 35-39,99,241,98.9414,212,242,200,cache,Squat Clean 1RM,"240
                                       lb",240,lb,108.9,,2026-07-12T17:16:21.825186+00:00
215510,19,Women 35-39,99,241,98.9414,212,242,200,cache,Squat Snatch 1RM,"165
                                       lb",165,lb,74.8,,2026-07-12T17:16:21.825186+00:00
215510,19,Women 35-39,99,241,98.9414,212,242,200,cache,Strict Handstand Push-ups,"29
                                       reps",29,reps,,,2026-07-12T17:16:21.825186+00:00
215510,19,Women 35-39,99,241,98.9414,212,242,200,cache,Strict Muscle-ups,"7
                                       reps",7,reps,,,2026-07-12T17:16:21.825186+00:00
215510,19,Women 35-39,99,241,98.9414,212,242,200,cache,Strict Pull-ups,"17
                                       reps",17,reps,,,2026-07-12T17:16:21.825186+00:00
190439,19,Women 35-39,99,242,98.9370,212,242,200,cache,Back Squat 1RM,"120
                                       kg",120,kg,120.0,,2026-07-12T17:16:21.825186+00:00
190439,19,Women 35-39,99,242,98.9370,212,242,200,cache,Clean & Jerk 1RM,"93
                                       kg",93,kg,93.0,,2026-07-12T17:16:21.825186+00:00
190439,19,Women 35-39,99,242,98.9370,212,242,200,cache,Deadlift 1RM,"140
                                       kg",140,kg,140.0,,2026-07-12T17:16:21.825186+00:00
190439,19,Women 35-39,99,242,98.9370,212,242,200,cache,Fran,02:55,,,,175,2026-07-12T17:16:21.825186+00:00
190439,19,Women 35-39,99,242,98.9370,212,242,200,cache,Helen,09:27,,,,567,2026-07-12T17:16:21.825186+00:00
190439,19,Women 35-39,99,242,98.9370,212,242,200,cache,Pull-ups,"40
                                       reps",40,reps,,,2026-07-12T17:16:21.825186+00:00
190439,19,Women 35-39,99,242,98.9370,212,242,200,cache,Run 5k,32:59,,,,1979,2026-07-12T17:16:21.825186+00:00
190439,19,Women 35-39,99,242,98.9370,212,242,200,cache,Squat Snatch 1RM,"75
                                       kg",75,kg,75.0,,2026-07-12T17:16:21.825186+00:00
2447630,13,Women 40-44,90,1714,90.0770,1712,1742,200,cache,Back Squat 1RM,"240
                                       lb",240,lb,108.9,,2026-07-12T17:16:21.825186+00:00
2447630,13,Women 40-44,90,1714,90.0770,1712,1742,200,cache,Bench Press 1RM,"125
                                       lb",125,lb,56.7,,2026-07-12T17:16:21.825186+00:00
2447630,13,Women 40-44,90,1714,90.0770,1712,1742,200,cache,Clean & Jerk 1RM,"145
                                       lb",145,lb,65.8,,2026-07-12T17:16:21.825186+00:00
2447630,13,Women 40-44,90,1714,90.0770,1712,1742,200,cache,Deadlift 1RM,"300
                                       lb",300,lb,136.1,,2026-07-12T17:16:21.825186+00:00
2447630,13,Women 40-44,90,1714,90.0770,1712,1742,200,cache,Fran,03:09,,,,189,2026-07-12T17:16:21.825186+00:00
2447630,13,Women 40-44,90,1714,90.0770,1712,1742,200,cache,Front Squat 1RM,"210
                                       lb",210,lb,95.3,,2026-07-12T17:16:21.825186+00:00
2447630,13,Women 40-44,90,1714,90.0770,1712,1742,200,cache,Grace,03:21,,,,201,2026-07-12T17:16:21.825186+00:00
2447630,13,Women 40-44,90,1714,90.0770,1712,1742,200,cache,Helen,09:45,,,,585,2026-07-12T17:16:21.825186+00:00
2447630,13,Women 40-44,90,1714,90.0770,1712,1742,200,cache,Overhead Squat 1RM,"145
                                       lb",145,lb,65.8,,2026-07-12T17:16:21.825186+00:00
2447630,13,Women 40-44,90,1714,90.0770,1712,1742,200,cache,Pull-ups,"18
                                       reps",18,reps,,,2026-07-12T17:16:21.825186+00:00
2447630,13,Women 40-44,90,1714,90.0770,1712,1742,200,cache,Squat Clean 1RM,"170
                                       lb",170,lb,77.1,,2026-07-12T17:16:21.825186+00:00
2447630,13,Women 40-44,90,1714,90.0770,1712,1742,200,cache,Squat Snatch 1RM,"105
                                       lb",105,lb,47.6,,2026-07-12T17:16:21.825186+00:00
1882057,13,Women 40-44,90,1715,90.0713,1712,1742,200,cache,Back Squat 1RM,"275
                                       lb",275,lb,124.7,,2026-07-12T17:16:21.825186+00:00
1882057,13,Women 40-44,90,1715,90.0713,1712,1742,200,cache,Bench Press 1RM,"175
                                       lb",175,lb,79.4,,2026-07-12T17:16:21.825186+00:00
1882057,13,Women 40-44,90,1715,90.0713,1712,1742,200,cache,Clean & Jerk 1RM,"155
                                       lb",155,lb,70.3,,2026-07-12T17:16:21.825186+00:00
1882057,13,Women 40-44,90,1715,90.0713,1712,1742,200,cache,Deadlift 1RM,"315
                                       lb",315,lb,142.9,,2026-07-12T17:16:21.825186+00:00
1882057,13,Women 40-44,90,1715,90.0713,1712,1742,200,cache,Hang Squat Clean 1RM,"155
                                       lb",155,lb,70.3,,2026-07-12T17:16:21.825186+00:00
1882057,13,Women 40-44,90,1715,90.0713,1712,1742,200,cache,Murph,43:50,,,,2630,2026-07-12T17:16:21.825186+00:00
1882057,13,Women 40-44,90,1715,90.0713,1712,1742,200,cache,Squat Clean 1RM,"185
                                       lb",185,lb,83.9,,2026-07-12T17:16:21.825186+00:00
1882057,13,Women 40-44,90,1715,90.0713,1712,1742,200,cache,Squat Snatch 1RM,"125
                                       lb",125,lb,56.7,,2026-07-12T17:16:21.825186+00:00
140300,13,Women 40-44,90,1718,90.0539,1712,1742,200,cache,Back Squat 1RM,"235
                                       lb",235,lb,106.6,,2026-07-12T17:16:21.825186+00:00
140300,13,Women 40-44,90,1718,90.0539,1712,1742,200,cache,Fran,03:59,,,,239,2026-07-12T17:16:21.825186+00:00
140300,13,Women 40-44,90,1718,90.0539,1712,1742,200,cache,Run 5k,24:21,,,,1461,2026-07-12T17:16:21.825186+00:00
1990432,13,Women 40-44,90,1724,90.0191,1712,1742,200,cache,Back Squat 1RM,"205
                                       lb",205,lb,93.0,,2026-07-12T17:16:21.825186+00:00
1990432,13,Women 40-44,90,1724,90.0191,1712,1742,200,cache,Cindy,"18
                                       reps",18,reps,,,2026-07-12T17:16:21.825186+00:00
1990432,13,Women 40-44,90,1724,90.0191,1712,1742,200,cache,Clean & Jerk 1RM,"145
                                       lb",145,lb,65.8,,2026-07-12T17:16:21.825186+00:00
1990432,13,Women 40-44,90,1724,90.0191,1712,1742,200,cache,Deadlift 1RM,"240
                                       lb",240,lb,108.9,,2026-07-12T17:16:21.825186+00:00
1990432,13,Women 40-44,90,1724,90.0191,1712,1742,200,cache,Drew,35:46,,,,2146,2026-07-12T17:16:21.825186+00:00
1990432,13,Women 40-44,90,1724,90.0191,1712,1742,200,cache,Omar,10:01,,,,601,2026-07-12T17:16:21.825186+00:00
320813,13,Women 40-44,90,1726,90.0075,1712,1742,200,cache,Back Squat 1RM,"260
                                       lb",260,lb,117.9,,2026-07-12T17:16:21.825186+00:00
320813,13,Women 40-44,90,1726,90.0075,1712,1742,200,cache,Clean & Jerk 1RM,"190
                                       lb",190,lb,86.2,,2026-07-12T17:16:21.825186+00:00
320813,13,Women 40-44,90,1726,90.0075,1712,1742,200,cache,Deadlift 1RM,"300
                                       lb",300,lb,136.1,,2026-07-12T17:16:21.825186+00:00
320813,13,Women 40-44,90,1726,90.0075,1712,1742,200,cache,Fight Gone Bad,"327
                                       reps",327,reps,,,2026-07-12T17:16:21.825186+00:00
320813,13,Women 40-44,90,1726,90.0075,1712,1742,200,cache,Fran,04:19,,,,259,2026-07-12T17:16:21.825186+00:00
320813,13,Women 40-44,90,1726,90.0075,1712,1742,200,cache,Grace,02:03,,,,123,2026-07-12T17:16:21.825186+00:00
320813,13,Women 40-44,90,1726,90.0075,1712,1742,200,cache,Pull-ups,"22
                                       reps",22,reps,,,2026-07-12T17:16:21.825186+00:00
320813,13,Women 40-44,90,1726,90.0075,1712,1742,200,cache,Squat Snatch 1RM,"145
                                       lb",145,lb,65.8,,2026-07-12T17:16:21.825186+00:00
1878551,13,Women 40-44,90,1727,90.0017,1712,1742,200,cache,Back Squat 1RM,"120
                                       kg",120,kg,120.0,,2026-07-12T17:16:21.825186+00:00
1878551,13,Women 40-44,90,1727,90.0017,1712,1742,200,cache,Clean & Jerk 1RM,"70
                                       kg",70,kg,70.0,,2026-07-12T17:16:21.825186+00:00
1878551,13,Women 40-44,90,1727,90.0017,1712,1742,200,cache,Deadlift 1RM,"130
                                       kg",130,kg,130.0,,2026-07-12T17:16:21.825186+00:00
1878551,13,Women 40-44,90,1727,90.0017,1712,1742,200,cache,Fran,08:19,,,,499,2026-07-12T17:16:21.825186+00:00
1878551,13,Women 40-44,90,1727,90.0017,1712,1742,200,cache,Grace,02:52,,,,172,2026-07-12T17:16:21.825186+00:00
1878551,13,Women 40-44,90,1727,90.0017,1712,1742,200,cache,Helen,12:19,,,,739,2026-07-12T17:16:21.825186+00:00
1878551,13,Women 40-44,90,1727,90.0017,1712,1742,200,cache,Run 400m,01:40,,,,100,2026-07-12T17:16:21.825186+00:00
1878551,13,Women 40-44,90,1727,90.0017,1712,1742,200,cache,Run 5k,22:56,,,,1376,2026-07-12T17:16:21.825186+00:00
1878551,13,Women 40-44,90,1727,90.0017,1712,1742,200,cache,Squat Snatch 1RM,"52
                                       kg",52,kg,52.0,,2026-07-12T17:16:21.825186+00:00
2255541,13,Women 40-44,90,1732,89.9728,1712,1742,200,cache,Clean & Jerk 1RM,"75
                                       kg",75,kg,75.0,,2026-07-12T17:16:21.825186+00:00
2255541,13,Women 40-44,90,1732,89.9728,1712,1742,200,cache,Deadlift 1RM,"135
                                       kg",135,kg,135.0,,2026-07-12T17:16:21.825186+00:00
2255541,13,Women 40-44,90,1732,89.9728,1712,1742,200,cache,Squat Snatch 1RM,"56
                                       kg",56,kg,56.0,,2026-07-12T17:16:21.825186+00:00
2447220,13,Women 40-44,90,1737,89.9438,1712,1742,200,cache,Back Squat 1RM,"280
                                       lb",280,lb,127.0,,2026-07-12T17:16:21.825186+00:00
2447220,13,Women 40-44,90,1737,89.9438,1712,1742,200,cache,Clean & Jerk 1RM,"170
                                       lb",170,lb,77.1,,2026-07-12T17:16:21.825186+00:00
2447220,13,Women 40-44,90,1737,89.9438,1712,1742,200,cache,Deadlift 1RM,"325
                                       lb",325,lb,147.4,,2026-07-12T17:16:21.825186+00:00
2447220,13,Women 40-44,90,1737,89.9438,1712,1742,200,cache,Grace,02:15,,,,135,2026-07-12T17:16:21.825186+00:00
2447220,13,Women 40-44,90,1737,89.9438,1712,1742,200,cache,Pull-ups,"10
                                       reps",10,reps,,,2026-07-12T17:16:21.825186+00:00
2447220,13,Women 40-44,90,1737,89.9438,1712,1742,200,cache,Squat Snatch 1RM,"120
                                       lb",120,lb,54.4,,2026-07-12T17:16:21.825186+00:00
115339,13,Women 40-44,90,1739,89.9322,1712,1742,200,cache,Back Squat 1RM,"260
                                       lb",260,lb,117.9,,2026-07-12T17:16:21.825186+00:00
115339,13,Women 40-44,90,1739,89.9322,1712,1742,200,cache,Clean & Jerk 1RM,"191
                                       lb",191,lb,86.6,,2026-07-12T17:16:21.825186+00:00
115339,13,Women 40-44,90,1739,89.9322,1712,1742,200,cache,Deadlift 1RM,"326
                                       lb",326,lb,147.9,,2026-07-12T17:16:21.825186+00:00
115339,13,Women 40-44,90,1739,89.9322,1712,1742,200,cache,Fran,03:12,,,,192,2026-07-12T17:16:21.825186+00:00
115339,13,Women 40-44,90,1739,89.9322,1712,1742,200,cache,Grace,01:59,,,,119,2026-07-12T17:16:21.825186+00:00
115339,13,Women 40-44,90,1739,89.9322,1712,1742,200,cache,Pull-ups,"52
                                       reps",52,reps,,,2026-07-12T17:16:21.825186+00:00
115339,13,Women 40-44,90,1739,89.9322,1712,1742,200,cache,Run 5k,25:50,,,,1550,2026-07-12T17:16:21.825186+00:00
115339,13,Women 40-44,90,1739,89.9322,1712,1742,200,cache,Squat Snatch 1RM,"138
                                       lb",138,lb,62.6,,2026-07-12T17:16:21.825186+00:00
920211,13,Women 40-44,90,1740,89.9264,1712,1742,200,cache,Back Squat 1RM,"227
                                       lb",227,lb,103.0,,2026-07-12T17:16:21.825186+00:00
920211,13,Women 40-44,90,1740,89.9264,1712,1742,200,cache,Bench Press 1RM,"125
                                       lb",125,lb,56.7,,2026-07-12T17:16:21.825186+00:00
920211,13,Women 40-44,90,1740,89.9264,1712,1742,200,cache,Clean & Jerk 1RM,"140
                                       lb",140,lb,63.5,,2026-07-12T17:16:21.825186+00:00
920211,13,Women 40-44,90,1740,89.9264,1712,1742,200,cache,Deadlift 1RM,"280
                                       lb",280,lb,127.0,,2026-07-12T17:16:21.825186+00:00
920211,13,Women 40-44,90,1740,89.9264,1712,1742,200,cache,Front Squat 1RM,"230
                                       lb",230,lb,104.3,,2026-07-12T17:16:21.825186+00:00
920211,13,Women 40-44,90,1740,89.9264,1712,1742,200,cache,Squat Clean 1RM,"150
                                       lb",150,lb,68.0,,2026-07-12T17:16:21.825186+00:00
114778,13,Women 40-44,95,849,95.0878,849,879,200,cache,Back Squat 1RM,"315
                                       lb",315,lb,142.9,,2026-07-12T17:16:21.825186+00:00
114778,13,Women 40-44,95,849,95.0878,849,879,200,cache,Bench Press 1RM,"140
                                       lb",140,lb,63.5,,2026-07-12T17:16:21.825186+00:00
114778,13,Women 40-44,95,849,95.0878,849,879,200,cache,Clean & Jerk 1RM,"170
                                       lb",170,lb,77.1,,2026-07-12T17:16:21.825186+00:00
114778,13,Women 40-44,95,849,95.0878,849,879,200,cache,Deadlift 1RM,"355
                                       lb",355,lb,161.0,,2026-07-12T17:16:21.825186+00:00
114778,13,Women 40-44,95,849,95.0878,849,879,200,cache,Fight Gone Bad,"313
                                       reps",313,reps,,,2026-07-12T17:16:21.825186+00:00
114778,13,Women 40-44,95,849,95.0878,849,879,200,cache,Front Squat 1RM,"265
                                       lb",265,lb,120.2,,2026-07-12T17:16:21.825186+00:00
114778,13,Women 40-44,95,849,95.0878,849,879,200,cache,Hang Power Clean 1RM,"150
                                       lb",150,lb,68.0,,2026-07-12T17:16:21.825186+00:00
114778,13,Women 40-44,95,849,95.0878,849,879,200,cache,Karen,06:45,,,,405,2026-07-12T17:16:21.825186+00:00
114778,13,Women 40-44,95,849,95.0878,849,879,200,cache,Murph,50:18,,,,3018,2026-07-12T17:16:21.825186+00:00
114778,13,Women 40-44,95,849,95.0878,849,879,200,cache,Nancy,14:16,,,,856,2026-07-12T17:16:21.825186+00:00
114778,13,Women 40-44,95,849,95.0878,849,879,200,cache,Row 2000m,08:32,,,,512,2026-07-12T17:16:21.825186+00:00
114778,13,Women 40-44,95,849,95.0878,849,879,200,cache,Sham,09:43,,,,583,2026-07-12T17:16:21.825186+00:00
114778,13,Women 40-44,95,849,95.0878,849,879,200,cache,Split Jerk 1RM,"170
                                       lb",170,lb,77.1,,2026-07-12T17:16:21.825186+00:00
114778,13,Women 40-44,95,849,95.0878,849,879,200,cache,Squat Clean 1RM,"175
                                       lb",175,lb,79.4,,2026-07-12T17:16:21.825186+00:00
114778,13,Women 40-44,95,849,95.0878,849,879,200,cache,Weighted Pull-up 1RM,"45
                                       lb",45,lb,20.4,,2026-07-12T17:16:21.825186+00:00
769318,13,Women 40-44,95,850,95.0820,849,879,200,cache,Back Squat 1RM,"335
                                       lb",335,lb,152.0,,2026-07-12T17:16:21.825186+00:00
769318,13,Women 40-44,95,850,95.0820,849,879,200,cache,Bench Press 1RM,"190
                                       lb",190,lb,86.2,,2026-07-12T17:16:21.825186+00:00
769318,13,Women 40-44,95,850,95.0820,849,879,200,cache,CHAD1000x,54:13,,,,3253,2026-07-12T17:16:21.825186+00:00
769318,13,Women 40-44,95,850,95.0820,849,879,200,cache,Clean & Jerk 1RM,"215
                                       lb",215,lb,97.5,,2026-07-12T17:16:21.825186+00:00
769318,13,Women 40-44,95,850,95.0820,849,879,200,cache,Deadlift 1RM,"385
                                       lb",385,lb,174.6,,2026-07-12T17:16:21.825186+00:00
769318,13,Women 40-44,95,850,95.0820,849,879,200,cache,Fight Gone Bad,"361
                                       reps",361,reps,,,2026-07-12T17:16:21.825186+00:00
769318,13,Women 40-44,95,850,95.0820,849,879,200,cache,Filthy 50,22:34,,,,1354,2026-07-12T17:16:21.825186+00:00
769318,13,Women 40-44,95,850,95.0820,849,879,200,cache,Fran,02:42,,,,162,2026-07-12T17:16:21.825186+00:00
769318,13,Women 40-44,95,850,95.0820,849,879,200,cache,Front Squat 1RM,"275
                                       lb",275,lb,124.7,,2026-07-12T17:16:21.825186+00:00
769318,13,Women 40-44,95,850,95.0820,849,879,200,cache,Grace,01:43,,,,103,2026-07-12T17:16:21.825186+00:00
769318,13,Women 40-44,95,850,95.0820,849,879,200,cache,Hang Power Clean 1RM,"220
                                       lb",220,lb,99.8,,2026-07-12T17:16:21.825186+00:00
769318,13,Women 40-44,95,850,95.0820,849,879,200,cache,Hang Power Snatch 1RM,"135
                                       lb",135,lb,61.2,,2026-07-12T17:16:21.825186+00:00
769318,13,Women 40-44,95,850,95.0820,849,879,200,cache,Hang Squat Clean 1RM,"221
                                       lb",221,lb,100.2,,2026-07-12T17:16:21.825186+00:00
769318,13,Women 40-44,95,850,95.0820,849,879,200,cache,Hang Squat Snatch 1RM,"145
                                       lb",145,lb,65.8,,2026-07-12T17:16:21.825186+00:00
769318,13,Women 40-44,95,850,95.0820,849,879,200,cache,Helen,09:38,,,,578,2026-07-12T17:16:21.825186+00:00
769318,13,Women 40-44,95,850,95.0820,849,879,200,cache,Pull-ups,"11
                                       reps",11,reps,,,2026-07-12T17:16:21.825186+00:00
769318,13,Women 40-44,95,850,95.0820,849,879,200,cache,Run 400m,01:33,,,,93,2026-07-12T17:16:21.825186+00:00
769318,13,Women 40-44,95,850,95.0820,849,879,200,cache,Run 5k,28:34,,,,1714,2026-07-12T17:16:21.825186+00:00
769318,13,Women 40-44,95,850,95.0820,849,879,200,cache,Squat Snatch 1RM,"167
                                       lb",167,lb,75.7,,2026-07-12T17:16:21.825186+00:00
432785,13,Women 40-44,95,861,95.0182,849,879,200,cache,Back Squat 1RM,"245
                                       lb",245,lb,111.1,,2026-07-12T17:16:21.825186+00:00
432785,13,Women 40-44,95,861,95.0182,849,879,200,cache,Clean & Jerk 1RM,"170
                                       lb",170,lb,77.1,,2026-07-12T17:16:21.825186+00:00
432785,13,Women 40-44,95,861,95.0182,849,879,200,cache,Deadlift 1RM,"300
                                       lb",300,lb,136.1,,2026-07-12T17:16:21.825186+00:00
432785,13,Women 40-44,95,861,95.0182,849,879,200,cache,Fran,03:52,,,,232,2026-07-12T17:16:21.825186+00:00
432785,13,Women 40-44,95,861,95.0182,849,879,200,cache,Grace,02:47,,,,167,2026-07-12T17:16:21.825186+00:00
432785,13,Women 40-44,95,861,95.0182,849,879,200,cache,Pull-ups,"40
                                       reps",40,reps,,,2026-07-12T17:16:21.825186+00:00
432785,13,Women 40-44,95,861,95.0182,849,879,200,cache,Squat Snatch 1RM,"120
                                       lb",120,lb,54.4,,2026-07-12T17:16:21.825186+00:00
430359,13,Women 40-44,95,862,95.0125,849,879,200,cache,Back Squat 1RM,"120
                                       kg",120,kg,120.0,,2026-07-12T17:16:21.825186+00:00
430359,13,Women 40-44,95,862,95.0125,849,879,200,cache,Clean & Jerk 1RM,"85
                                       kg",85,kg,85.0,,2026-07-12T17:16:21.825186+00:00
430359,13,Women 40-44,95,862,95.0125,849,879,200,cache,Deadlift 1RM,"130
                                       kg",130,kg,130.0,,2026-07-12T17:16:21.825186+00:00
430359,13,Women 40-44,95,862,95.0125,849,879,200,cache,Run 5k,28:00,,,,1680,2026-07-12T17:16:21.825186+00:00
430359,13,Women 40-44,95,862,95.0125,849,879,200,cache,Squat Snatch 1RM,"66
                                       kg",66,kg,66.0,,2026-07-12T17:16:21.825186+00:00
2223919,13,Women 40-44,95,864,95.0009,849,879,200,cache,Back Squat 1RM,"91
                                       kg",91,kg,91.0,,2026-07-12T17:16:21.825186+00:00
2223919,13,Women 40-44,95,864,95.0009,849,879,200,cache,Back Squat 3RM,"88
                                       kg",88,kg,88.0,,2026-07-12T17:16:21.825186+00:00
2223919,13,Women 40-44,95,864,95.0009,849,879,200,cache,Back Squat 5RM,"83
                                       kg",83,kg,83.0,,2026-07-12T17:16:21.825186+00:00
2223919,13,Women 40-44,95,864,95.0009,849,879,200,cache,Clean & Jerk 1RM,"65
                                       kg",65,kg,65.0,,2026-07-12T17:16:21.825186+00:00
2223919,13,Women 40-44,95,864,95.0009,849,879,200,cache,Deadlift 1RM,"110
                                       kg",110,kg,110.0,,2026-07-12T17:16:21.825186+00:00
2223919,13,Women 40-44,95,864,95.0009,849,879,200,cache,Deadlift 3RM,"110
                                       kg",110,kg,110.0,,2026-07-12T17:16:21.825186+00:00
2223919,13,Women 40-44,95,864,95.0009,849,879,200,cache,Deadlift 5RM,"110
                                       kg",110,kg,110.0,,2026-07-12T17:16:21.825186+00:00
2223919,13,Women 40-44,95,864,95.0009,849,879,200,cache,Front Squat 1RM,"74
                                       kg",74,kg,74.0,,2026-07-12T17:16:21.825186+00:00
2223919,13,Women 40-44,95,864,95.0009,849,879,200,cache,Front Squat 3RM,"65
                                       kg",65,kg,65.0,,2026-07-12T17:16:21.825186+00:00
2223919,13,Women 40-44,95,864,95.0009,849,879,200,cache,Front Squat 5RM,"65
                                       kg",65,kg,65.0,,2026-07-12T17:16:21.825186+00:00
2223919,13,Women 40-44,95,864,95.0009,849,879,200,cache,Murph,66:08,,,,3968,2026-07-12T17:16:21.825186+00:00
2223919,13,Women 40-44,95,864,95.0009,849,879,200,cache,Overhead Squat 1RM,"55
                                       kg",55,kg,55.0,,2026-07-12T17:16:21.825186+00:00
2223919,13,Women 40-44,95,864,95.0009,849,879,200,cache,Power Clean 1RM,"70
                                       kg",70,kg,70.0,,2026-07-12T17:16:21.825186+00:00
2223919,13,Women 40-44,95,864,95.0009,849,879,200,cache,Power Snatch 1RM,"51
                                       kg",51,kg,51.0,,2026-07-12T17:16:21.825186+00:00
2223919,13,Women 40-44,95,864,95.0009,849,879,200,cache,Push Jerk 1RM,"60
                                       kg",60,kg,60.0,,2026-07-12T17:16:21.825186+00:00
2223919,13,Women 40-44,95,864,95.0009,849,879,200,cache,Push Press 1RM,"57
                                       kg",57,kg,57.0,,2026-07-12T17:16:21.825186+00:00
2223919,13,Women 40-44,95,864,95.0009,849,879,200,cache,Shoulder Press 1RM,"42
                                       kg",42,kg,42.0,,2026-07-12T17:16:21.825186+00:00
2223919,13,Women 40-44,95,864,95.0009,849,879,200,cache,Split Jerk 1RM,"65
                                       kg",65,kg,65.0,,2026-07-12T17:16:21.825186+00:00
2223919,13,Women 40-44,95,864,95.0009,849,879,200,cache,Squat Clean 1RM,"67
                                       kg",67,kg,67.0,,2026-07-12T17:16:21.825186+00:00
2223919,13,Women 40-44,95,864,95.0009,849,879,200,cache,Squat Snatch 1RM,"53
                                       kg",53,kg,53.0,,2026-07-12T17:16:21.825186+00:00
2223919,13,Women 40-44,95,864,95.0009,849,879,200,cache,Thruster 1RM,"55
                                       kg",55,kg,55.0,,2026-07-12T17:16:21.825186+00:00
1062825,13,Women 40-44,95,868,94.9777,849,879,200,cache,Back Squat 1RM,"105
                                       kg",105,kg,105.0,,2026-07-12T17:16:21.825186+00:00
1062825,13,Women 40-44,95,868,94.9777,849,879,200,cache,Bench Press 1RM,"81
                                       kg",81,kg,81.0,,2026-07-12T17:16:21.825186+00:00
1062825,13,Women 40-44,95,868,94.9777,849,879,200,cache,Clean & Jerk 1RM,"87
                                       kg",87,kg,87.0,,2026-07-12T17:16:21.825186+00:00
1062825,13,Women 40-44,95,868,94.9777,849,879,200,cache,Deadlift 1RM,"145
                                       kg",145,kg,145.0,,2026-07-12T17:16:21.825186+00:00
1062825,13,Women 40-44,95,868,94.9777,849,879,200,cache,Fight Gone Bad,"285
                                       reps",285,reps,,,2026-07-12T17:16:21.825186+00:00
1062825,13,Women 40-44,95,868,94.9777,849,879,200,cache,Fran,04:23,,,,263,2026-07-12T17:16:21.825186+00:00
1062825,13,Women 40-44,95,868,94.9777,849,879,200,cache,Front Squat 1RM,"90
                                       kg",90,kg,90.0,,2026-07-12T17:16:21.825186+00:00
1062825,13,Women 40-44,95,868,94.9777,849,879,200,cache,Grace,03:00,,,,180,2026-07-12T17:16:21.825186+00:00
1062825,13,Women 40-44,95,868,94.9777,849,879,200,cache,Hang Power Clean 1RM,"87
                                       kg",87,kg,87.0,,2026-07-12T17:16:21.825186+00:00
1062825,13,Women 40-44,95,868,94.9777,849,879,200,cache,Hang Power Snatch 1RM,"57
                                       kg",57,kg,57.0,,2026-07-12T17:16:21.825186+00:00
1062825,13,Women 40-44,95,868,94.9777,849,879,200,cache,Hang Squat Clean 1RM,"83
                                       kg",83,kg,83.0,,2026-07-12T17:16:21.825186+00:00
1062825,13,Women 40-44,95,868,94.9777,849,879,200,cache,Hang Squat Snatch 1RM,"57
                                       kg",57,kg,57.0,,2026-07-12T17:16:21.825186+00:00
1062825,13,Women 40-44,95,868,94.9777,849,879,200,cache,Helen,09:54,,,,594,2026-07-12T17:16:21.825186+00:00
1062825,13,Women 40-44,95,868,94.9777,849,879,200,cache,Overhead Squat 1RM,"62
                                       kg",62,kg,62.0,,2026-07-12T17:16:21.825186+00:00
1062825,13,Women 40-44,95,868,94.9777,849,879,200,cache,Power Clean 1RM,"90
                                       kg",90,kg,90.0,,2026-07-12T17:16:21.825186+00:00
1062825,13,Women 40-44,95,868,94.9777,849,879,200,cache,Power Snatch 1RM,"56
                                       kg",56,kg,56.0,,2026-07-12T17:16:21.825186+00:00
1062825,13,Women 40-44,95,868,94.9777,849,879,200,cache,Pull-ups,"38
                                       reps",38,reps,,,2026-07-12T17:16:21.825186+00:00
1062825,13,Women 40-44,95,868,94.9777,849,879,200,cache,Push Jerk 1RM,"76
                                       kg",76,kg,76.0,,2026-07-12T17:16:21.825186+00:00
1062825,13,Women 40-44,95,868,94.9777,849,879,200,cache,Push Press 1RM,"72
                                       kg",72,kg,72.0,,2026-07-12T17:16:21.825186+00:00
1062825,13,Women 40-44,95,868,94.9777,849,879,200,cache,Run 5k,32:53,,,,1973,2026-07-12T17:16:21.825186+00:00
1062825,13,Women 40-44,95,868,94.9777,849,879,200,cache,Shoulder Press 1RM,"56
                                       kg",56,kg,56.0,,2026-07-12T17:16:21.825186+00:00
1062825,13,Women 40-44,95,868,94.9777,849,879,200,cache,Split Jerk 1RM,"85
                                       kg",85,kg,85.0,,2026-07-12T17:16:21.825186+00:00
1062825,13,Women 40-44,95,868,94.9777,849,879,200,cache,Squat Clean 1RM,"85
                                       kg",85,kg,85.0,,2026-07-12T17:16:21.825186+00:00
1062825,13,Women 40-44,95,868,94.9777,849,879,200,cache,Squat Snatch 1RM,"65
                                       kg",65,kg,65.0,,2026-07-12T17:16:21.825186+00:00
1062825,13,Women 40-44,95,868,94.9777,849,879,200,cache,Thruster 1RM,"73
                                       kg",73,kg,73.0,,2026-07-12T17:16:21.825186+00:00
2605161,13,Women 40-44,95,869,94.9719,849,879,200,cache,Back Squat 1RM,"100
                                       kg",100,kg,100.0,,2026-07-12T17:16:21.825186+00:00
2605161,13,Women 40-44,95,869,94.9719,849,879,200,cache,Deadlift 1RM,"100
                                       kg",100,kg,100.0,,2026-07-12T17:16:21.825186+00:00
2605161,13,Women 40-44,95,869,94.9719,849,879,200,cache,Run 400m,01:40,,,,100,2026-07-12T17:16:21.825186+00:00
2605161,13,Women 40-44,95,869,94.9719,849,879,200,cache,Run 5k,26:00,,,,1560,2026-07-12T17:16:21.825186+00:00
2605161,13,Women 40-44,95,869,94.9719,849,879,200,cache,Squat Snatch 1RM,"55
                                       kg",55,kg,55.0,,2026-07-12T17:16:21.825186+00:00
2176643,13,Women 40-44,95,871,94.9603,849,879,200,cache,Back Squat 1RM,"101
                                       kg",101,kg,101.0,,2026-07-12T17:16:21.825186+00:00
2176643,13,Women 40-44,95,871,94.9603,849,879,200,cache,Bench Press 1RM,"75
                                       kg",75,kg,75.0,,2026-07-12T17:16:21.825186+00:00
2176643,13,Women 40-44,95,871,94.9603,849,879,200,cache,Clean & Jerk 1RM,"72
                                       kg",72,kg,72.0,,2026-07-12T17:16:21.825186+00:00
2176643,13,Women 40-44,95,871,94.9603,849,879,200,cache,Deadlift 1RM,"136
                                       kg",136,kg,136.0,,2026-07-12T17:16:21.825186+00:00
2176643,13,Women 40-44,95,871,94.9603,849,879,200,cache,Fran,06:50,,,,410,2026-07-12T17:16:21.825186+00:00
2176643,13,Women 40-44,95,871,94.9603,849,879,200,cache,Front Squat 1RM,"90
                                       kg",90,kg,90.0,,2026-07-12T17:16:21.825186+00:00
2176643,13,Women 40-44,95,871,94.9603,849,879,200,cache,Grace,04:46,,,,286,2026-07-12T17:16:21.825186+00:00
2176643,13,Women 40-44,95,871,94.9603,849,879,200,cache,Hang Power Snatch 1RM,"56
                                       kg",56,kg,56.0,,2026-07-12T17:16:21.825186+00:00
2176643,13,Women 40-44,95,871,94.9603,849,879,200,cache,Hang Squat Clean 1RM,"71
                                       kg",71,kg,71.0,,2026-07-12T17:16:21.825186+00:00
2176643,13,Women 40-44,95,871,94.9603,849,879,200,cache,Hang Squat Snatch 1RM,"50
                                       kg",50,kg,50.0,,2026-07-12T17:16:21.825186+00:00
2176643,13,Women 40-44,95,871,94.9603,849,879,200,cache,Helen,11:29,,,,689,2026-07-12T17:16:21.825186+00:00
2176643,13,Women 40-44,95,871,94.9603,849,879,200,cache,Overhead Squat 1RM,"68
                                       kg",68,kg,68.0,,2026-07-12T17:16:21.825186+00:00
2176643,13,Women 40-44,95,871,94.9603,849,879,200,cache,Power Clean 1RM,"70
                                       kg",70,kg,70.0,,2026-07-12T17:16:21.825186+00:00
2176643,13,Women 40-44,95,871,94.9603,849,879,200,cache,Power Snatch 1RM,"55
                                       kg",55,kg,55.0,,2026-07-12T17:16:21.825186+00:00
2176643,13,Women 40-44,95,871,94.9603,849,879,200,cache,Push Jerk 1RM,"72
                                       kg",72,kg,72.0,,2026-07-12T17:16:21.825186+00:00
2176643,13,Women 40-44,95,871,94.9603,849,879,200,cache,Push Press 1RM,"65
                                       kg",65,kg,65.0,,2026-07-12T17:16:21.825186+00:00
2176643,13,Women 40-44,95,871,94.9603,849,879,200,cache,Shoulder Press 1RM,"45
                                       kg",45,kg,45.0,,2026-07-12T17:16:21.825186+00:00
2176643,13,Women 40-44,95,871,94.9603,849,879,200,cache,Squat Clean 1RM,"75
                                       kg",75,kg,75.0,,2026-07-12T17:16:21.825186+00:00
2176643,13,Women 40-44,95,871,94.9603,849,879,200,cache,Squat Snatch 1RM,"53
                                       kg",53,kg,53.0,,2026-07-12T17:16:21.825186+00:00
1090592,13,Women 40-44,95,872,94.9545,849,879,200,cache,Back Squat 1RM,"200
                                       lb",200,lb,90.7,,2026-07-12T17:16:21.825186+00:00
1090592,13,Women 40-44,95,872,94.9545,849,879,200,cache,Clean & Jerk 1RM,"150
                                       lb",150,lb,68.0,,2026-07-12T17:16:21.825186+00:00
1090592,13,Women 40-44,95,872,94.9545,849,879,200,cache,Deadlift 1RM,"270
                                       lb",270,lb,122.5,,2026-07-12T17:16:21.825186+00:00
1090592,13,Women 40-44,95,872,94.9545,849,879,200,cache,Front Squat 1RM,"175
                                       lb",175,lb,79.4,,2026-07-12T17:16:21.825186+00:00
1090592,13,Women 40-44,95,872,94.9545,849,879,200,cache,Push Jerk 1RM,"150
                                       lb",150,lb,68.0,,2026-07-12T17:16:21.825186+00:00
1090592,13,Women 40-44,95,872,94.9545,849,879,200,cache,Push Press 1RM,"130
                                       lb",130,lb,59.0,,2026-07-12T17:16:21.825186+00:00
1090592,13,Women 40-44,95,872,94.9545,849,879,200,cache,Squat Snatch 1RM,"115
                                       lb",115,lb,52.2,,2026-07-12T17:16:21.825186+00:00
1090592,13,Women 40-44,95,872,94.9545,849,879,200,cache,Weighted Pull-up 1RM,"35
                                       lb",35,lb,15.9,,2026-07-12T17:16:21.825186+00:00
267800,13,Women 40-44,95,874,94.9429,849,879,200,cache,Back Squat 1RM,"300
                                       lb",300,lb,136.1,,2026-07-12T17:16:21.825186+00:00
267800,13,Women 40-44,95,874,94.9429,849,879,200,cache,Clean & Jerk 1RM,"175
                                       lb",175,lb,79.4,,2026-07-12T17:16:21.825186+00:00
267800,13,Women 40-44,95,874,94.9429,849,879,200,cache,Deadlift 1RM,"335
                                       lb",335,lb,152.0,,2026-07-12T17:16:21.825186+00:00
267800,13,Women 40-44,95,874,94.9429,849,879,200,cache,Grace,01:46,,,,106,2026-07-12T17:16:21.825186+00:00
267800,13,Women 40-44,95,874,94.9429,849,879,200,cache,Squat Snatch 1RM,"135
                                       lb",135,lb,61.2,,2026-07-12T17:16:21.825186+00:00
1488676,13,Women 40-44,95,875,94.9371,849,879,200,cache,Back Squat 1RM,"235
                                       lb",235,lb,106.6,,2026-07-12T17:16:21.825186+00:00
1488676,13,Women 40-44,95,875,94.9371,849,879,200,cache,Bench Press 1RM,"160
                                       lb",160,lb,72.6,,2026-07-12T17:16:21.825186+00:00
1488676,13,Women 40-44,95,875,94.9371,849,879,200,cache,CHAD1000x,73:15,,,,4395,2026-07-12T17:16:21.825186+00:00
1488676,13,Women 40-44,95,875,94.9371,849,879,200,cache,Clean & Jerk 1RM,"185
                                       lb",185,lb,83.9,,2026-07-12T17:16:21.825186+00:00
1488676,13,Women 40-44,95,875,94.9371,849,879,200,cache,Deadlift 1RM,"255
                                       lb",255,lb,115.7,,2026-07-12T17:16:21.825186+00:00
1488676,13,Women 40-44,95,875,94.9371,849,879,200,cache,Fight Gone Bad,"311
                                       reps",311,reps,,,2026-07-12T17:16:21.825186+00:00
1488676,13,Women 40-44,95,875,94.9371,849,879,200,cache,Fran,03:32,,,,212,2026-07-12T17:16:21.825186+00:00
1488676,13,Women 40-44,95,875,94.9371,849,879,200,cache,Front Squat 1RM,"210
                                       lb",210,lb,95.3,,2026-07-12T17:16:21.825186+00:00
1488676,13,Women 40-44,95,875,94.9371,849,879,200,cache,Grace,02:41,,,,161,2026-07-12T17:16:21.825186+00:00
1488676,13,Women 40-44,95,875,94.9371,849,879,200,cache,Jackie,06:55,,,,415,2026-07-12T17:16:21.825186+00:00
1488676,13,Women 40-44,95,875,94.9371,849,879,200,cache,Murph,47:55,,,,2875,2026-07-12T17:16:21.825186+00:00
1488676,13,Women 40-44,95,875,94.9371,849,879,200,cache,Overhead Squat 1RM,"135
                                       lb",135,lb,61.2,,2026-07-12T17:16:21.825186+00:00
1488676,13,Women 40-44,95,875,94.9371,849,879,200,cache,Pull-ups,"30
                                       reps",30,reps,,,2026-07-12T17:16:21.825186+00:00
1488676,13,Women 40-44,95,875,94.9371,849,879,200,cache,Push Jerk 1RM,"180
                                       lb",180,lb,81.6,,2026-07-12T17:16:21.825186+00:00
1488676,13,Women 40-44,95,875,94.9371,849,879,200,cache,Shoulder Press 1RM,"112
                                       lb",112,lb,50.8,,2026-07-12T17:16:21.825186+00:00
1488676,13,Women 40-44,95,875,94.9371,849,879,200,cache,Split Jerk 1RM,"200
                                       lb",200,lb,90.7,,2026-07-12T17:16:21.825186+00:00
1488676,13,Women 40-44,95,875,94.9371,849,879,200,cache,Squat Clean 1RM,"195
                                       lb",195,lb,88.5,,2026-07-12T17:16:21.825186+00:00
1488676,13,Women 40-44,95,875,94.9371,849,879,200,cache,Squat Snatch 1RM,"145
                                       lb",145,lb,65.8,,2026-07-12T17:16:21.825186+00:00
758329,13,Women 40-44,99,158,99.0905,158,188,200,cache,Back Squat 1RM,"240
                                       lb",240,lb,108.9,,2026-07-12T17:16:21.825186+00:00
758329,13,Women 40-44,99,158,99.0905,158,188,200,cache,Clean & Jerk 1RM,"175
                                       lb",175,lb,79.4,,2026-07-12T17:16:21.825186+00:00
758329,13,Women 40-44,99,158,99.0905,158,188,200,cache,Deadlift 1RM,"130
                                       kg",130,kg,130.0,,2026-07-12T17:16:21.825186+00:00
758329,13,Women 40-44,99,158,99.0905,158,188,200,cache,Fight Gone Bad,"341
                                       reps",341,reps,,,2026-07-12T17:16:21.825186+00:00
758329,13,Women 40-44,99,158,99.0905,158,188,200,cache,Filthy 50,20:32,,,,1232,2026-07-12T17:16:21.825186+00:00
758329,13,Women 40-44,99,158,99.0905,158,188,200,cache,Fran,03:08,,,,188,2026-07-12T17:16:21.825186+00:00
758329,13,Women 40-44,99,158,99.0905,158,188,200,cache,Grace,02:17,,,,137,2026-07-12T17:16:21.825186+00:00
758329,13,Women 40-44,99,158,99.0905,158,188,200,cache,Helen,09:45,,,,585,2026-07-12T17:16:21.825186+00:00
758329,13,Women 40-44,99,158,99.0905,158,188,200,cache,Pull-ups,"40
                                       reps",40,reps,,,2026-07-12T17:16:21.825186+00:00
758329,13,Women 40-44,99,158,99.0905,158,188,200,cache,Squat Snatch 1RM,"147
                                       lb",147,lb,66.7,,2026-07-12T17:16:21.825186+00:00
1616666,13,Women 40-44,99,160,99.0790,158,188,200,cache,Back Squat 1RM,"270
                                       lb",270,lb,122.5,,2026-07-12T17:16:21.825186+00:00
1616666,13,Women 40-44,99,160,99.0790,158,188,200,cache,Clean & Jerk 1RM,"195
                                       lb",195,lb,88.5,,2026-07-12T17:16:21.825186+00:00
1616666,13,Women 40-44,99,160,99.0790,158,188,200,cache,Deadlift 1RM,"320
                                       lb",320,lb,145.1,,2026-07-12T17:16:21.825186+00:00
1616666,13,Women 40-44,99,160,99.0790,158,188,200,cache,Fight Gone Bad,"317
                                       reps",317,reps,,,2026-07-12T17:16:21.825186+00:00
1616666,13,Women 40-44,99,160,99.0790,158,188,200,cache,Fran,03:21,,,,201,2026-07-12T17:16:21.825186+00:00
1616666,13,Women 40-44,99,160,99.0790,158,188,200,cache,Grace,02:37,,,,157,2026-07-12T17:16:21.825186+00:00
1616666,13,Women 40-44,99,160,99.0790,158,188,200,cache,Helen,10:14,,,,614,2026-07-12T17:16:21.825186+00:00
1616666,13,Women 40-44,99,160,99.0790,158,188,200,cache,Pull-ups,"12
                                       reps",12,reps,,,2026-07-12T17:16:21.825186+00:00
1616666,13,Women 40-44,99,160,99.0790,158,188,200,cache,Squat Snatch 1RM,"135
                                       lb",135,lb,61.2,,2026-07-12T17:16:21.825186+00:00
152212,13,Women 40-44,99,162,99.0674,158,188,200,cache,Back Squat 1RM,"285
                                       lb",285,lb,129.3,,2026-07-12T17:16:21.825186+00:00
152212,13,Women 40-44,99,162,99.0674,158,188,200,cache,Clean & Jerk 1RM,"205
                                       lb",205,lb,93.0,,2026-07-12T17:16:21.825186+00:00
152212,13,Women 40-44,99,162,99.0674,158,188,200,cache,Deadlift 1RM,"360
                                       lb",360,lb,163.3,,2026-07-12T17:16:21.825186+00:00
152212,13,Women 40-44,99,162,99.0674,158,188,200,cache,Fight Gone Bad,"399
                                       reps",399,reps,,,2026-07-12T17:16:21.825186+00:00
152212,13,Women 40-44,99,162,99.0674,158,188,200,cache,Filthy 50,19:47,,,,1187,2026-07-12T17:16:21.825186+00:00
152212,13,Women 40-44,99,162,99.0674,158,188,200,cache,Fran,02:35,,,,155,2026-07-12T17:16:21.825186+00:00
152212,13,Women 40-44,99,162,99.0674,158,188,200,cache,Grace,02:38,,,,158,2026-07-12T17:16:21.825186+00:00
152212,13,Women 40-44,99,162,99.0674,158,188,200,cache,Helen,07:56,,,,476,2026-07-12T17:16:21.825186+00:00
152212,13,Women 40-44,99,162,99.0674,158,188,200,cache,Run 5k,23:50,,,,1430,2026-07-12T17:16:21.825186+00:00
152212,13,Women 40-44,99,162,99.0674,158,188,200,cache,Squat Snatch 1RM,"150
                                       lb",150,lb,68.0,,2026-07-12T17:16:21.825186+00:00
107798,13,Women 40-44,99,163,99.0616,158,188,200,cache,Back Squat 1RM,"240
                                       lb",240,lb,108.9,,2026-07-12T17:16:21.825186+00:00
107798,13,Women 40-44,99,163,99.0616,158,188,200,cache,Clean & Jerk 1RM,"170
                                       lb",170,lb,77.1,,2026-07-12T17:16:21.825186+00:00
107798,13,Women 40-44,99,163,99.0616,158,188,200,cache,Deadlift 1RM,"260
                                       lb",260,lb,117.9,,2026-07-12T17:16:21.825186+00:00
107798,13,Women 40-44,99,163,99.0616,158,188,200,cache,Fight Gone Bad,"332
                                       reps",332,reps,,,2026-07-12T17:16:21.825186+00:00
107798,13,Women 40-44,99,163,99.0616,158,188,200,cache,Fran,02:53,,,,173,2026-07-12T17:16:21.825186+00:00
107798,13,Women 40-44,99,163,99.0616,158,188,200,cache,Grace,02:27,,,,147,2026-07-12T17:16:21.825186+00:00
107798,13,Women 40-44,99,163,99.0616,158,188,200,cache,Helen,08:40,,,,520,2026-07-12T17:16:21.825186+00:00
107798,13,Women 40-44,99,163,99.0616,158,188,200,cache,Squat Snatch 1RM,"145
                                       lb",145,lb,65.8,,2026-07-12T17:16:21.825186+00:00
994681,13,Women 40-44,99,164,99.0558,158,188,200,cache,Back Squat 1RM,"175
                                       kg",175,kg,175.0,,2026-07-12T17:16:21.825186+00:00
994681,13,Women 40-44,99,164,99.0558,158,188,200,cache,Bench Press 1RM,"85
                                       kg",85,kg,85.0,,2026-07-12T17:16:21.825186+00:00
994681,13,Women 40-44,99,164,99.0558,158,188,200,cache,Clean & Jerk 1RM,"100
                                       kg",100,kg,100.0,,2026-07-12T17:16:21.825186+00:00
994681,13,Women 40-44,99,164,99.0558,158,188,200,cache,Deadlift 1RM,"210
                                       kg",210,kg,210.0,,2026-07-12T17:16:21.825186+00:00
994681,13,Women 40-44,99,164,99.0558,158,188,200,cache,Front Squat 1RM,"150
                                       kg",150,kg,150.0,,2026-07-12T17:16:21.825186+00:00
994681,13,Women 40-44,99,164,99.0558,158,188,200,cache,Squat Snatch 1RM,"80
                                       kg",80,kg,80.0,,2026-07-12T17:16:21.825186+00:00
1571129,13,Women 40-44,99,165,99.0500,158,188,200,cache,Back Squat 1RM,"242
                                       lb",242,lb,109.8,,2026-07-12T17:16:21.825186+00:00
1571129,13,Women 40-44,99,165,99.0500,158,188,200,cache,Clean & Jerk 1RM,"195
                                       lb",195,lb,88.5,,2026-07-12T17:16:21.825186+00:00
1571129,13,Women 40-44,99,165,99.0500,158,188,200,cache,Deadlift 1RM,"290
                                       lb",290,lb,131.5,,2026-07-12T17:16:21.825186+00:00
1571129,13,Women 40-44,99,165,99.0500,158,188,200,cache,Grace,02:11,,,,131,2026-07-12T17:16:21.825186+00:00
1571129,13,Women 40-44,99,165,99.0500,158,188,200,cache,Hang Power Snatch 1RM,"130
                                       lb",130,lb,59.0,,2026-07-12T17:16:21.825186+00:00
1571129,13,Women 40-44,99,165,99.0500,158,188,200,cache,Overhead Squat 1RM,"165
                                       lb",165,lb,74.8,,2026-07-12T17:16:21.825186+00:00
1571129,13,Women 40-44,99,165,99.0500,158,188,200,cache,Power Clean 1RM,"185
                                       lb",185,lb,83.9,,2026-07-12T17:16:21.825186+00:00
1571129,13,Women 40-44,99,165,99.0500,158,188,200,cache,Power Snatch 1RM,"135
                                       lb",135,lb,61.2,,2026-07-12T17:16:21.825186+00:00
1571129,13,Women 40-44,99,165,99.0500,158,188,200,cache,Pull-ups,"11
                                       reps",11,reps,,,2026-07-12T17:16:21.825186+00:00
1571129,13,Women 40-44,99,165,99.0500,158,188,200,cache,Run 400m,01:12,,,,72,2026-07-12T17:16:21.825186+00:00
1571129,13,Women 40-44,99,165,99.0500,158,188,200,cache,Squat Snatch 1RM,"157
                                       lb",157,lb,71.2,,2026-07-12T17:16:21.825186+00:00
1571129,13,Women 40-44,99,165,99.0500,158,188,200,cache,Thruster 1RM,"155
                                       lb",155,lb,70.3,,2026-07-12T17:16:21.825186+00:00
29802,13,Women 40-44,99,169,99.0268,158,188,200,cache,Back Squat 1RM,"500
                                       lb",500,lb,226.8,,2026-07-12T17:16:21.825186+00:00
29802,13,Women 40-44,99,169,99.0268,158,188,200,cache,Clean & Jerk 1RM,"500
                                       lb",500,lb,226.8,,2026-07-12T17:16:21.825186+00:00
29802,13,Women 40-44,99,169,99.0268,158,188,200,cache,Deadlift 1RM,"500
                                       lb",500,lb,226.8,,2026-07-12T17:16:21.825186+00:00
29802,13,Women 40-44,99,169,99.0268,158,188,200,cache,Fight Gone Bad,"500
                                       reps",500,reps,,,2026-07-12T17:16:21.825186+00:00
29802,13,Women 40-44,99,169,99.0268,158,188,200,cache,Fran,02:20,,,,140,2026-07-12T17:16:21.825186+00:00
29802,13,Women 40-44,99,169,99.0268,158,188,200,cache,Grace,02:30,,,,150,2026-07-12T17:16:21.825186+00:00
29802,13,Women 40-44,99,169,99.0268,158,188,200,cache,Pull-ups,"500
                                       reps",500,reps,,,2026-07-12T17:16:21.825186+00:00
29802,13,Women 40-44,99,169,99.0268,158,188,200,cache,Squat Snatch 1RM,"500
                                       lb",500,lb,226.8,,2026-07-12T17:16:21.825186+00:00
1013322,13,Women 40-44,99,175,98.9921,158,188,200,cache,Back Squat 1RM,"285
                                       lb",285,lb,129.3,,2026-07-12T17:16:21.825186+00:00
1013322,13,Women 40-44,99,175,98.9921,158,188,200,cache,Clean & Jerk 1RM,"185
                                       lb",185,lb,83.9,,2026-07-12T17:16:21.825186+00:00
1013322,13,Women 40-44,99,175,98.9921,158,188,200,cache,Deadlift 1RM,"340
                                       lb",340,lb,154.2,,2026-07-12T17:16:21.825186+00:00
1013322,13,Women 40-44,99,175,98.9921,158,188,200,cache,Squat Snatch 1RM,"150
                                       lb",150,lb,68.0,,2026-07-12T17:16:21.825186+00:00
1618384,13,Women 40-44,99,181,98.9573,158,188,200,cache,Back Squat 1RM,"280
                                       lb",280,lb,127.0,,2026-07-12T17:16:21.825186+00:00
1618384,13,Women 40-44,99,181,98.9573,158,188,200,cache,Clean & Jerk 1RM,"205
                                       lb",205,lb,93.0,,2026-07-12T17:16:21.825186+00:00
1618384,13,Women 40-44,99,181,98.9573,158,188,200,cache,Deadlift 1RM,"285
                                       lb",285,lb,129.3,,2026-07-12T17:16:21.825186+00:00
1618384,13,Women 40-44,99,181,98.9573,158,188,200,cache,Fran,02:50,,,,170,2026-07-12T17:16:21.825186+00:00
1618384,13,Women 40-44,99,181,98.9573,158,188,200,cache,Pull-ups,"40
                                       reps",40,reps,,,2026-07-12T17:16:21.825186+00:00
1618384,13,Women 40-44,99,181,98.9573,158,188,200,cache,Run 5k,25:50,,,,1550,2026-07-12T17:16:21.825186+00:00
1618384,13,Women 40-44,99,181,98.9573,158,188,200,cache,Squat Snatch 1RM,"145
                                       lb",145,lb,65.8,,2026-07-12T17:16:21.825186+00:00
236786,13,Women 40-44,99,187,98.9226,158,188,200,cache,Clean & Jerk 1RM,"217
                                       lb",217,lb,98.4,,2026-07-12T17:16:21.825186+00:00
236786,13,Women 40-44,99,187,98.9226,158,188,200,cache,Deadlift 1RM,"355
                                       lb",355,lb,161.0,,2026-07-12T17:16:21.825186+00:00
236786,13,Women 40-44,99,187,98.9226,158,188,200,cache,Squat Snatch 1RM,"182
                                       lb",182,lb,82.6,,2026-07-12T17:16:21.825186+00:00
